<?xml version="1.0" encoding="UTF-8"?>

<beans xmlns="http://www.springframework.org/schema/beans"
	xmlns:xsi="http://www.w3.org/2001/XMLSchema-instance" xmlns:p="http://www.springframework.org/schema/p"
	xmlns:context="http://www.springframework.org/schema/context"
	xsi:schemaLocation="http://www.springframework.org/schema/beans         
						   http://www.springframework.org/schema/beans/spring-beans-3.0.xsd         
						   http://www.springframework.org/schema/context         
						   http://www.springframework.org/schema/context/spring-context-3.0.xsd">
	<bean id="propertyConfigurer"
		class="org.springframework.beans.factory.config.PropertyPlaceholderConfigurer">
		<property name="locations">
			<list>
				<value>
					classpath:configuration.properties
				</value>
			</list>
			
		</property>
	</bean>
	<bean id="dataSource" class="org.apache.commons.dbcp.BasicDataSource">
		<property name="url" value="${hibernate.sem.connection.url}" />
		<property name="driverClassName" value="${hibernate.sem.connection.driver_class}" />
		<property name="username" value="${hibernate.sem.connection.username}" />
		<property name="password" value="${hibernate.sem.connection.password}" />
	</bean>

	<bean id="sessionFactory"
		class="org.springframework.orm.hibernate3.LocalSessionFactoryBean">
		<property name="hibernateProperties">
			<props>
				<prop key="hibernate.dialect"> ${hibernate.sem.dialect}	</prop>
				<prop key="hibernate.show_sql"> ${hibernate.sem.show_sql} </prop>
				<prop key="hibernate.default_schema">MWUDB2V</prop>
			</props>
		</property>
		<property name="dataSource" ref="dataSource" />

		<property name="mappingDirectoryLocations">
			<list>
				<value>
					classpath:/gov/ca/dmv/AKT/integration/hbm/
				</value>
			</list>
		</property>
	</bean>

	<bean id="hibernateTemplate" class="org.springframework.orm.hibernate3.HibernateTemplate">
		<property name="sessionFactory" ref="sessionFactory" />

	</bean>
	
	<bean id="iPersistence" class="gov.ca.dmv.AKT.integration.PersistenceImpl.PersistenceImpl">
		<property name="hibernateTemplate" ref="hibernateTemplate" />
	</bean>
    
    <bean id="testDataGenerator" class="gov.ca.dmv.AKT.presentation.Controller.TestDataGenerator">
		<property name="iPersistence"   ref="iPersistence" />
	</bean>
</beans> 