<!DOCTYPE hibernate-configuration PUBLIC
	"-//Hibernate/Hibernate Configuration DTD 3.0//EN"
	"http://hibernate.sourceforge.net/hibernate-configuration-3.0.dtd">

		<!--===================-->
        <!-- Author: Rahul Ajit-->
        <!--===================-->

<hibernate-configuration>

    <session-factory>

        <!--===================-->
        <!-- database settings -->
        <!--===================-->

         <property name="hibernate.dialect">
            gov.ca.dmv.AKT.integration.Hibernate.DB2390Dialect
        </property>
        
        <!--property name="hibernate.default_schema">MWUDB2V</property>-->  
        <property name="query.substitutions">yes 'Y', no 'N'</property>
        <property name="jdbc.use_streams_for_binary">true</property>
        <property name="show_sql">true</property>
        <property name="format_sql">false</property>

        <!--  Setting Container managed transactionality -->
		<property name="hibernate.transaction.factory_class">org.hibernate.transaction.CMTTransactionFactory </property>
		<property name="hibernate.transaction.manager_lookup_class">org.hibernate.transaction.WebSphereExtendedJTATransactionLookup</property> 

        
		<!--=======-->
        <!-- cache -->
        <!--=======-->

		<!--=======-->
        <!-- cache -->
        <!--=======-->
        
        <property name="hibernate.cache.provider_class">
            org.hibernate.cache.EhCacheProvider
        </property>
        
        <!--===============-->
        <!-- mapping files -->
        <!--===============-->


        <mapping resource="gov/ca/dmv/AKT/integration/hbm/Application.hbm.xml" />
        <mapping resource="gov/ca/dmv/AKT/integration/hbm/Exam.hbm.xml" />
        <mapping resource="gov/ca/dmv/AKT/integration/hbm/Test.hbm.xml" />
        <mapping resource="gov/ca/dmv/AKT/integration/hbm/Vault.hbm.xml" />
        <mapping resource="gov/ca/dmv/AKT/integration/hbm/ExamHistory.hbm.xml" />
        <mapping resource="gov/ca/dmv/AKT/integration/hbm/Lang.hbm.xml" />
        <mapping resource="gov/ca/dmv/AKT/integration/hbm/EaseInboundMessage.hbm.xml" />
        
    </session-factory>

</hibernate-configuration>
