<!DOCTYPE hibernate-configuration PUBLIC
	"-//Hibernate/Hibernate Configuration DTD 3.0//EN"
	"http://hibernate.sourceforge.net/hibernate-configuration-3.0.dtd">

		<!--===================-->
        <!-- Author: Rahul Ajit-->
        <!--===================-->

<hibernate-configuration>

    <session-factory>

        <!--===================-->
        <!-- database settings -->
        <!--===================-->

        <property name="hibernate.dialect">
            gov.ca.dmv.AKT.integration.Hibernate.DB2390Dialect
        </property>
        
        <!--property name="hibernate.default_schema">MWUDB2V</property>-->
        <property name="query.substitutions">yes 'Y', no 'N'</property>
        <property name="jdbc.use_streams_for_binary">true</property>
        <property name="show_sql">true</property>
        <property name="format_sql">false</property>
        <property name="hibernate.connection.isolation">2</property>

        <!--  Setting bean-managed transactionality -->
		<!--  <property name="hibernate.transaction.factory_class">org.hibernate.transaction.JTATransactionFactory</property>
		<property name="hibernate.transaction.manager_lookup_class">org.hibernate.transaction.WebSphereExtendedJTATransactionLookup</property>
		<property name="jta.UserTransaction">java:comp/UserTransaction</property > -->

		<property name="transaction.factory_class">org.hibernate.transaction.JTATransactionFactory</property>
        <property name="jta.UserTransaction">java:comp/UserTransaction</property>
        <property name="hibernate.connection.release_mode">after_statement</property>
        
		<!--=======-->
        <!-- cache -->
        <!--=======-->

		<!--=======-->
        <!-- cache -->
        <!--=======-->
        
        <property name="hibernate.cache.provider_class">
            org.hibernate.cache.EhCacheProvider
        </property>
        
        <!--===============-->
        <!-- mapping files -->
        <!--===============-->

        <mapping resource="gov/ca/dmv/AKT/integration/hbm/Answer.hbm.xml" />
        <mapping resource="gov/ca/dmv/AKT/integration/hbm/Application.hbm.xml" />
        <mapping resource="gov/ca/dmv/AKT/integration/hbm/ApplicationSecondary.hbm.xml" />
        <mapping resource="gov/ca/dmv/AKT/integration/hbm/Category.hbm.xml" />
        <mapping resource="gov/ca/dmv/AKT/integration/hbm/Exam.hbm.xml" />
        <mapping resource="gov/ca/dmv/AKT/integration/hbm/ExamSecondary.hbm.xml" />
        <mapping resource="gov/ca/dmv/AKT/integration/hbm/ExamAnswer.hbm.xml" />
        <mapping resource="gov/ca/dmv/AKT/integration/hbm/ExamAnswerSecondary.hbm.xml" />
        <mapping resource="gov/ca/dmv/AKT/integration/hbm/ExamHistory.hbm.xml" />
        <mapping resource="gov/ca/dmv/AKT/integration/hbm/ExamHistorySecondary.hbm.xml" />
        <mapping resource="gov/ca/dmv/AKT/integration/hbm/ExamQuestion.hbm.xml" />
        <mapping resource="gov/ca/dmv/AKT/integration/hbm/ExamQuestionSecondary.hbm.xml" />
        <mapping resource="gov/ca/dmv/AKT/integration/hbm/HandbookRef.hbm.xml" />
        <mapping resource="gov/ca/dmv/AKT/integration/hbm/Lang.hbm.xml" />
        <mapping resource="gov/ca/dmv/AKT/integration/hbm/Office.hbm.xml" />
        <mapping resource="gov/ca/dmv/AKT/integration/hbm/Question.hbm.xml" />
        <mapping resource="gov/ca/dmv/AKT/integration/hbm/QuestionLang.hbm.xml" />
        <mapping resource="gov/ca/dmv/AKT/integration/hbm/QuestionList.hbm.xml" />
        <mapping resource="gov/ca/dmv/AKT/integration/hbm/QuickPassFailEvent.hbm.xml" />
        <mapping resource="gov/ca/dmv/AKT/integration/hbm/Session.hbm.xml" />
        <mapping resource="gov/ca/dmv/AKT/integration/hbm/SessionSecondary.hbm.xml" />
        <mapping resource="gov/ca/dmv/AKT/integration/hbm/Test.hbm.xml" />
        <mapping resource="gov/ca/dmv/AKT/integration/hbm/TestLang.hbm.xml" />
        <mapping resource="gov/ca/dmv/AKT/integration/hbm/TestPlan.hbm.xml" />
        <mapping resource="gov/ca/dmv/AKT/integration/hbm/TimeLimit.hbm.xml" />
        <mapping resource="gov/ca/dmv/AKT/integration/hbm/Vault.hbm.xml" />
        <mapping resource="gov/ca/dmv/AKT/integration/hbm/VaultSecondary.hbm.xml" />
        <mapping resource="gov/ca/dmv/AKT/integration/hbm/WorkstationMap.hbm.xml" />
 		<mapping resource="gov/ca/dmv/AKT/integration/hbm/ThresholdDictionary.hbm.xml" />
 		<mapping resource="gov/ca/dmv/AKT/integration/hbm/EaseInboundMessage.hbm.xml" />
 		<mapping resource="gov/ca/dmv/AKT/integration/hbm/EaseInboundMessageSecondary.hbm.xml" />
        <mapping resource="gov/ca/dmv/AKT/integration/hbm/AKTSResults.hbm.xml" />
        <mapping resource="gov/ca/dmv/AKT/integration/hbm/Audit.hbm.xml" />
        
    </session-factory>

</hibernate-configuration>
