<?xml version="1.0" encoding="UTF-8"?>
<metadata>
  <groupId>junit</groupId>
  <artifactId>junit</artifactId>
  <versioning>
    <latest>4.8.2</latest>
    <release>4.8.2</release>
    <versions>
      <version>3.7</version>
      <version>3.8</version>
      <version>3.8.1</version>
      <version>3.8.2</version>
      <version>4.0</version>
      <version>4.1</version>
      <version>4.2</version>
      <version>4.3</version>
      <version>4.3.1</version>
      <version>4.4</version>
      <version>4.5</version>
      <version>4.6</version>
      <version>4.7</version>
      <version>4.8</version>
      <version>4.8.1</version>
      <version>4.8.2</version>
    </versions>
    <lastUpdated>20101005090224</lastUpdated>
  </versioning>
</metadata>
