<?xml version="1.0"?>

<!DOCTYPE faces-config PUBLIC
  "-//Sun Microsystems, Inc.//DTD JavaServer Faces Config 1.0//EN"
  "http://java.sun.com/dtd/web-facesconfig_1_0.dtd">

	<!--
		=========== FULL CONFIGURATION FILE ==================================
	-->

<faces-config>

	<application>
		<state-manager>com.ibm.faces.application.DevelopmentStateManager</state-manager>
		<property-resolver>com.ibm.faces.databind.SelectItemsPropResolver</property-resolver>
		<variable-resolver>com.ibm.faces.databind.SelectItemsVarResolver</variable-resolver>
		<locale-config>
			<default-locale>en</default-locale>
		</locale-config>
		<message-bundle>applicationMessages</message-bundle>
		<view-handler>com.sun.facelets.FaceletViewHandler</view-handler>
		<!--<variable-resolver>org.springframework.web.jsf.DelegatingVariableResolver</variable-resolver>
	--></application>

	<!--
		<application>
		<state-manager>com.ibm.faces.application.DevelopmentStateManager</state-manager>
		<property-resolver>com.ibm.faces.databind.SelectItemsPropResolver</property-resolver>
		<variable-resolver>com.ibm.faces.databind.SelectItemsVarResolver</variable-resolver>
		<view-handler>com.sun.facelets.FaceletViewHandler</view-handler>
		</application>
	-->
	<factory>
		<faces-context-factory>com.ibm.faces.context.AjaxFacesContextFactory</faces-context-factory>
		<render-kit-factory>com.ibm.faces.renderkit.AjaxRenderKitFactory</render-kit-factory>
	</factory>
	<lifecycle>
		<phase-listener>gov.ca.dmv.ease.ui.listener.impl.EaseCacheControlListener</phase-listener>
		<phase-listener>gov.ca.dmv.ease.ui.listener.impl.ErrorAndUpperCaseListener</phase-listener>
		<phase-listener>gov.ca.dmv.ease.ui.listener.impl.EmptyValuesToNullListener</phase-listener>
		<phase-listener>com.ibm.faces.webapp.ValueResourcePhaseListener</phase-listener>
	</lifecycle>
	<managed-bean>
		<managed-bean-name>activateWorkdate</managed-bean-name>
		<managed-bean-class>gov.ca.dmv.ease.admintool.ui.page.impl.ActivateWorkdatePage</managed-bean-class>
		<managed-bean-scope>session</managed-bean-scope>
	</managed-bean>

	<managed-bean>
		<managed-bean-name>locationEnforcement</managed-bean-name>
		<managed-bean-class>gov.ca.dmv.ease.admintool.ui.page.impl.LocationEnforcementPage</managed-bean-class>
		<managed-bean-scope>session</managed-bean-scope>
	</managed-bean>
	
	<managed-bean>
		<managed-bean-name>manageCodeSet</managed-bean-name>
		<managed-bean-class>gov.ca.dmv.ease.admintool.ui.page.impl.ManageCodeSetPage</managed-bean-class>
		<managed-bean-scope>session</managed-bean-scope>
	</managed-bean>
	
	<managed-bean>
		<managed-bean-name>hostChanges</managed-bean-name>
		<managed-bean-class>gov.ca.dmv.ease.admintool.ui.page.impl.HostChangesPage</managed-bean-class>
		<managed-bean-scope>session</managed-bean-scope>
	</managed-bean>
	
	<component>
		<component-type>gov.ca.dmv.ease.PanelGrid</component-type>
		<component-class>gov.ca.dmv.ease.ui.component.impl.PanelGrid</component-class>
	</component>
	<validator>
		<validator-id>gov.ca.dmv.ease.validator.RegExpr</validator-id>
		<validator-class>gov.ca.dmv.ease.ui.validator.impl.EaseRegExprValidator</validator-class>
	</validator>
	<validator>
		<validator-id>IpAddressValidator</validator-id>
		<validator-class>gov.ca.dmv.ease.admintool.ui.validator.impl.IpAddressValidator</validator-class>
	</validator>
	<render-kit>
		<description>Some replacements for the standard renderers
		</description>
		<renderer>
			<description>Replacement renderer for h:outputLabel
			</description>
			<component-family>javax.faces.Output</component-family>
			<renderer-type>javax.faces.Label</renderer-type>
			<renderer-class>gov.ca.dmv.ease.ui.component.renderer.impl.LabelRenderer</renderer-class>
		</renderer>
		<renderer>
			<component-family>javax.faces.Panel</component-family>
			<renderer-type>gov.ca.dmv.ease.PanelGridRenderer</renderer-type>
			<renderer-class>gov.ca.dmv.ease.ui.component.renderer.impl.PanelGridRenderer</renderer-class>
		</renderer>
	</render-kit>
</faces-config>
