<?xml version="1.0" encoding="UTF-8"?>
<!DOCTYPE log4j:configuration SYSTEM "log4j.dtd">
<log4j:configuration xmlns:log4j='http://jakarta.apache.org/log4j/'>
<!-- APENDER for AIX server
  <appender name="FILE" class="org.apache.log4j.RollingFileAppender">
    <param name="File" value="/applogs/ease_dl/applog.log"/>
    <param name="MaxFileSize" value="5MB"/>
    <param name="MaxBackupIndex" value="10"/>
    <param name="Append" value="true"/>
    <layout class="org.apache.log4j.PatternLayout">
         <param name="ConversionPattern" value="[%d] - %5p - [%t]%c: %m%n"/>
    </layout>
  </appender>
 -->
  <!-- APPENDER for zOS -->
  <appender name="FILE" class="org.apache.log4j.zos.ZosRollingFileAppender">
        <param name="File" value="/apps/mw/ITM/LOGS/TRN/ease_admintool/applog-%p-%j-%n.log"/>
    <param name="MaxFileSize" value="5MB"/>
    <param name="MaxBackupIndex" value="10"/>
    <param name="Append" value="true"/>
    <layout class="org.apache.log4j.PatternLayout">
       <param name="ConversionPattern" value="[%d] - %5p - [%t]%c: %m%n"/>
    </layout>
  </appender>

  <logger name="org.springframework">
  	<!-- Changing the level to DEBUG causes *very* verbose logging. Use only when necessary -->
    <level value="INFO"/>
  </logger>
  <logger name="org.hibernate.SQL">
    <!-- Changing the level to DEBUG causes *very* verbose logging of all SQL statements. Use only when necessary -->
    <level value="INFO"/>
  </logger>
  <logger name="org.hibernate.type">
    <!-- Changing the level to TRACE causes *very* verbose logging of all JDBC parameters. Use only when necessary -->
    <level value="INFO"/>
  </logger>
  <logger name="org.hibernate">
    <!-- Changing the level to DEBUG causes *very* verbose logging. Use only when necessary -->
    <level value="INFO"/>
  </logger>
  <logger name="gov.ca.dmv.ease">
    <level value="ERROR"/>
  </logger>
  <logger name="gov.ca.dmv.ease.ecs">
    <level value="ERROR"/>
  </logger>
	
  <logger name="gov.ca.dmv.ease.bus.dl.service.impl.CdlisAndPdpsService">
    <level value="WARN"/>
  </logger>
  <logger name="gov.ca.dmv.ease.ts.impl.TaskService">
    <level value="WARN"/>
  </logger>
  <logger name="gov.ca.dmv.ease.tus.print.service.impl.PrintService">
    <level value="WARN"/>
  </logger>
  <logger name="gov.ca.dmv.ease.fw.journaling.impl.AbstractLogBatchProcessor">
    <level value="WARN"/>
  </logger>
  <logger name="gov.ca.dmv.ease.ecs.impl.EcsService">
    <level value="WARN"/>
  </logger>
  <logger name="gov.ca.dmv.ease.tus.persist.service.impl.PersistenceService">
    <level value="WARN"/>
  </logger>
  <root>
    <priority value="INFO"/>
    <appender-ref ref="FILE"/>
  </root>
</log4j:configuration>
