<?xml version="1.0" encoding="UTF-8"?>
<metadata xsi:schemaLocation="http://maven.apache.org/METADATA/1.0.0 http://maven.apache.org/xsd/metadata-1.0.0.xsd" xmlns="http://maven.apache.org/METADATA/1.0.0"
    xmlns:xsi="http://www.w3.org/2001/XMLSchema-instance">
  <groupId>com.caucho</groupId>
  <artifactId>com.springsource.com.caucho</artifactId>
  <version>3.2.1</version>
  <versioning>
    <versions>
      <version>3.2.1</version>
    </versions>
    <lastUpdated>20110119181006</lastUpdated>
  </versioning>
</metadata>
