<?xml version="1.0" encoding="UTF-8"?>

<beans xmlns="http://www.springframework.org/schema/beans"
	xmlns:xsi="http://www.w3.org/2001/XMLSchema-instance" xmlns:p="http://www.springframework.org/schema/p"
	xmlns:jee="http://www.springframework.org/schema/jee" 
	xmlns:context="http://www.springframework.org/schema/context"
	xmlns:aop="http://www.springframework.org/schema/aop"
	xmlns:task="http://www.springframework.org/schema/task"
	xsi:schemaLocation="http://www.springframework.org/schema/beans         
						   http://www.springframework.org/schema/beans/spring-beans-3.0.xsd         
						   http://www.springframework.org/schema/context         
						   http://www.springframework.org/schema/context/spring-context-3.0.xsd
						   http://www.springframework.org/schema/aop
						   http://www.springframework.org/schema/aop/spring-aop-3.0.xsd
						   http://www.springframework.org/schema/jee
						   http://www.springframework.org/schema/jee/spring-jee-3.0.xsd
						   http://www.springframework.org/schema/task
						   http://www.springframework.org/schema/task/spring-task-3.0.xsd">
						   						   
	<jee:jndi-lookup id="egovAKTQCF" resource-ref="true" jndi-name="jms/egovAKTQCF" />
	<jee:jndi-lookup id="aktReceiveQ" resource-ref="true" jndi-name="jms/egovAKTReceiveQ" />
	<jee:jndi-lookup id="aktSendQ" resource-ref="true" jndi-name="jms/egovAKTSendQ" />
	<jee:jndi-lookup id="aktDSwXA" resource-ref="true" jndi-name="jdbc/aktDSwXA" />
	<jee:jndi-lookup id="aktDSnonXA" resource-ref="true" jndi-name="jdbc/aktDSnonXA" />
	<jee:jndi-lookup id="egovAKTTCF" resource-ref="true" jndi-name="jms/egovAKTTCF" />
	<jee:jndi-lookup id="egovAKTForceFailTopic" resource-ref="true" jndi-name="jms/egovAKTForceFailTopic" />
	
	<bean id="jmsTxManager"	class="org.springframework.transaction.jta.WebSphereUowTransactionManager"/> 

	<bean id="jmsDestResolver" class=" org.springframework.jms.support.destination.JndiDestinationResolver"/> 	
	
	<!-- <jee:jndi-lookup id="wsJTAUserTrans" resource-ref="true" jndi-name="java:comp/UserTransaction" /> -->
	<bean id="easeListener" class="gov.ca.dmv.AKT.integration.JMS.Services.JMSReceiver">
		<property name="easeAppBusDelegate" ref="easeAppBusDelegate" />
	</bean>
	
	<bean id="topicSubscriber" class="gov.ca.dmv.AKT.integration.JMS.Services.JMSSubscriber">
		<property name="forceFailRegistryService" ref="forceFailRegistryService" />
		<property name="examSeedData" ref="examSeedData" />
	</bean>
	
	<bean id="easeAppBusDelegate" class="gov.ca.dmv.AKT.business.BusDelegatesImpl.EaseAppBusDelegateImpl">
		<property name="applicationService" ref="applicationXAService" />
		<property name="examService"        ref="examXAService" />
		<property name="sessionService"     ref="sessionXAService" />
		<property name="jmsSender"          ref="jmsSender" />
		<property name="examSeedData"       ref="examSeedData" />
		<property name="examSessionData"    ref="examSessionData" />
	</bean>
	
	<!-- <property name="sessionTransacted" value="true"/> -->
  	<bean class="org.springframework.jms.listener.DefaultMessageListenerContainer" >
 		<property name="connectionFactory" ref="egovAKTQCF" />
 		<property name="destination" ref="aktReceiveQ" />
 		<property name="messageListener" ref="easeListener" />
 		<property name="transactionManager" ref="jmsTxManager" />
 		<property name="taskExecutor" ref="jmsTaskExecutor" />
 	</bean>
	
	<bean id="topicContainer" class="org.springframework.jms.listener.DefaultMessageListenerContainer" >
 		<property name="connectionFactory" ref="egovAKTTCF" />
 		<property name="destination" ref="egovAKTForceFailTopic" />
 		<property name="messageListener" ref="topicSubscriber" />
 		<property name="transactionManager" ref="jmsTxManager" />
 		<property name="taskExecutor" ref="jmsTaskExecutor" />
 		<property name="pubSubDomain" value="true" />
 	</bean>
	
	<bean id="jmsTaskExecutor" class="org.springframework.scheduling.commonj.WorkManagerTaskExecutor">
      <property name="workManagerName" value="wm/default" />
   	</bean>

	
	<!-- <bean id="jmsTxManager" class="org.springframework.transaction.jta.JtaTransactionManager">
		<property name="autodetectTransactionManager" value="false" /> 
	</bean> -->   
 	
  	<bean id="jmsSender" class="gov.ca.dmv.AKT.integration.JMS.Services.JMSSender">
      	<property name="connectionFactory" ref="egovAKTQCF" />
      	<property name="queue" ref="aktSendQ" />
    </bean>
    
    <bean id="jmsPublisher" class="gov.ca.dmv.AKT.integration.JMS.Services.JMSPublisher">
      	<property name="connectionFactory" ref="egovAKTTCF" />
      	<property name="topic" ref="egovAKTForceFailTopic" />
    </bean>
    
    <!-- <bean id="jmsQueueTemplate" class="org.springframework.jms.core.JmsTemplate">
        <property name="connectionFactory" ref="aktQCF" />
        <property name="destinationResolver" ref="destinationResolver"/>
        <property name="defaultDestinationName" value="jms/egovAKTSendQ"> 
        </property>
        <property name="pubSubDomain">
            <value>false</value>
        </property>
        <property name="receiveTimeout">
            <value>20000</value>
        </property>
    </bean> -->
    
	<bean id="localeResolver" class="org.springframework.web.servlet.i18n.SessionLocaleResolver">
		<property name="defaultLocale" value="en" />
	</bean>

	<bean id="localeChangeInterceptor" class="org.springframework.web.servlet.i18n.LocaleChangeInterceptor">
		<property name="paramName" value="language" />
	</bean>
	
	<bean class="org.springframework.web.servlet.mvc.support.ControllerClassNameHandlerMapping" >
		<property name="interceptors">
			<list>
				<ref bean="localeChangeInterceptor" />
			</list>
		</property>
	</bean>
	
	<!--   <bean id="messageSource"
		class="org.springframework.context.support.ResourceBundleMessageSource">
		<property name="basename" value="scanbarcode" />
	</bean> -->
<!-- ========================= MESSAGE SOURCE DEFINITION ========================= -->
	<bean id="messageSource" class="org.springframework.context.support.ReloadableResourceBundleMessageSource">
		<property name="basename" value="WEB-INF/resources/messages"/>
	</bean> 
	
	<bean id="viewResolver"	class="org.springframework.web.servlet.view.UrlBasedViewResolver">
		<property name="viewClass" value="org.springframework.web.servlet.view.tiles2.TilesView" />
	</bean>

	<!-- <bean id="viewResolver" class="org.springframework.web.servlet.view.ResourceBundleViewResolver" p:basename="views" /> --> 
	
	<bean id="tilesConfigurer" class="org.springframework.web.servlet.view.tiles2.TilesConfigurer">
		<property name="definitions">
			<list>
				<value>/WEB-INF/tiles-def8.xml</value>
			</list>
		</property>
	</bean>
	
	<!-- <task:scheduled-tasks>
    	<task:scheduled ref="examSeedData" method="init" fixed-rate="5000"/>  
	</task:scheduled-tasks> --> 
	
	
	<bean name="/HQUSER/*.do" class="gov.ca.dmv.AKT.presentation.Controller.HQUserController">
	<property name="adminBusDelegate" ref="adminBusDelegate" />
	<property name="examBusDelegate" ref="examBusDelegate" />	
	<!-- <property name="jmsSender" ref="jmsSender" /> -->
	<property name="validators">
	<list>
	<ref bean="createValidator" />
	<ref bean="modifyValidator" />
	<ref bean="createParentValidator" />
	</list>
	</property>
	<property name="auditService"    ref="auditService" />
	</bean>
	
	<!-- <bean name="/HQUSER/*.do" class="gov.ca.dmv.AKT.presentation.Controller.HQUserController">
	<property name="methodNameResolver">
    	<bean class="org.springframework.web.servlet.mvc.multiaction.PropertiesMethodNameResolver">
	    	<property name="mappings">
				<props>
		   			<prop key="/HQUSER/Welcome.do">Welcome</prop>
		   			<prop key="/HQUSER/CreateParent.do">CreateParent</prop>
		   			<prop key="/HQUSER/ViewParent.do">ViewParent</prop>
		   			<prop key="/HQUSER/PresentModifyParent.do">PresentModifyParent</prop>
		   			<prop key="/HQUSER/ModifyParent.do">ModifyParent</prop>
		   			<prop key="/HQUSER/Create.do">Create</prop>
		   			<prop key="/HQUSER/View.do">View</prop>
		   			<prop key="/HQUSER/Inactivate.do">Inactivate</prop>
		   			<prop key="/HQUSER/Activate.do">Activate</prop>
		   			<prop key="/HQUSER/Modify.do">Modify</prop>
		   			<prop key="/HQUSER/ModifyQuestion.do">ModifyQuestion</prop>
		   			<prop key="/HQUSER/Search.do">Search</prop>
				</props>
	    	</property>
    	</bean>
    </property>
    <property name="adminBusDelegate" ref="adminBusDelegate" />
	<property name="validators"  ref="createValidator" />
	</bean> -->
	
	<bean name="/session/*.do" class="gov.ca.dmv.AKT.presentation.Controller.SessionController">
	<property name="sessionBusDelegate" ref="sessionBusDelegate" />
	<property name="foBusDelegate" ref="foBusDelegate" />
	<property name="auditService"  ref="auditService" />
	<property name="examSessionData" ref="examSessionData" />
	</bean>
	
	<!-- This controller is created to simply test internationalization. This controller has to be removed before going live -->
	<bean name="/test/*.do" class="gov.ca.dmv.AKT.presentation.Controller.TestController">
	<property name="questionPersistence" ref="questionPersistence" />
	<property name="easeAppBusDelegate" ref="easeAppBusDelegate" />
	</bean>
	
	<bean name="/test1/*.do" class="gov.ca.dmv.AKT.presentation.Controller.Test2Controller">
		<property name="easeAppBusDelegate" ref="easeAppBusDelegate" />
	</bean>
	
	<!-- ******************************************************************************************************************* -->
	
	<bean name="/exam/*.do" class="gov.ca.dmv.AKT.presentation.Controller.ExamController">
	<property name="easeAppBusDelegate" ref="easeAppBusDelegate" />
	<property name="examBusDelegate" ref="examBusDelegate" />
	<property name="auditService"  ref="auditService" />
	<property name="examSeedData"  ref="examSeedData" />
	</bean>
	
	<bean name="/FOUSER/*.do" class="gov.ca.dmv.AKT.presentation.Controller.FOUserController">
	<property name="examBusDelegate"    ref="examBusDelegate" />
	<property name="sessionBusDelegate" ref="sessionBusDelegate" />
	<property name="easeAppBusDelegate" ref="easeAppBusDelegate" />
	<property name="foBusDelegate"      ref="foBusDelegate" />
	<property name="auditService"       ref="auditService" />
	<property name="validators">
	<list>
	<ref bean="applicantInfoValidator" />
	</list>
	</property>
	</bean>
	
	<bean id="createValidator"        class="gov.ca.dmv.AKT.presentation.Validators.CreateValidator" />
	<bean id="createParentValidator"  class="gov.ca.dmv.AKT.presentation.Validators.CreateParentValidator" />
	<bean id="modifyValidator"        class="gov.ca.dmv.AKT.presentation.Validators.ModifyValidator" />
	<bean id="applicantInfoValidator" class="gov.ca.dmv.AKT.presentation.Validators.ApplicantInfoValidator" />

	<bean id="adminBusDelegate" class="gov.ca.dmv.AKT.business.BusDelegatesImpl.AdminBusDelegateImpl">
	<property name="testService"     ref="testService" />
	<property name="sessionService"  ref="sessionService" />
	<property name="examSeedData"    ref="examSeedData" />
	<property name="examSessionData" ref="examSessionData" />
	<property name="auditService"    ref="auditService" />
	<property name="categoryService" ref="categoryService" />
	<property name="handbookRefService" ref="handbookRefService"/>
	</bean>
	
	<bean id="foBusDelegate" class="gov.ca.dmv.AKT.business.BusDelegatesImpl.FOBusDelegateImpl">
	<property name="sessionService"     ref="sessionService" />
	<property name="applicationService" ref="applicationService" />
	<property name="searchService"      ref="searchService" />
	<property name="examService"        ref="examService" />
	<property name="securityService"    ref="securityService" />
	<property name="examSeedData"       ref="examSeedData" />
	<property name="examSessionData"    ref="examSessionData" />
	<property name="auditService"       ref="auditService" />
	<property name="testService"        ref="testService" />
	<property name="jmsPublisher"       ref="jmsPublisher" />
	</bean>
	
	<bean id="sessionBusDelegate" class="gov.ca.dmv.AKT.business.BusDelegatesImpl.SessionBusDelegateImpl">
	<property name="sessionService"     ref="sessionService" />
	<property name="applicationService" ref="applicationService" />
	<property name="examService"        ref="examService" />
	<property name="examSeedData"       ref="examSeedData" />
	<property name="examSessionData"    ref="examSessionData" />
	<property name="auditService"       ref="auditService" />
	</bean>
	
	<bean id="examBusDelegate" class="gov.ca.dmv.AKT.business.BusDelegatesImpl.ExamBusDelegateImpl">
	<property name="testService"              ref="testService" />
	<property name="examService"              ref="examService" />
	<property name="sessionService"           ref="sessionService" />
	<property name="applicationService"       ref="applicationService" />
	<property name="examSessionData"          ref="examSessionData" />
	<property name="examSeedData"             ref="examSeedData" />
	<property name="forceFailRegistryService" ref="forceFailRegistryService" />
	<property name="auditService"             ref="auditService" />
	<property name="jmsPublisher"             ref="jmsPublisher" />
	</bean>
	
	<bean id="testService" class="gov.ca.dmv.AKT.business.ServicesImpl.TestServiceImpl" scope="prototype">
	<property name="testPersistence"     ref="testPersistence" />
	<property name="searchPersistence"   ref="searchPersistence" />
	<property name="categoryPersistence" ref="categoryPersistence" />
	<property name="questionPersistence" ref="questionPersistence" />
	<property name="persistence"         ref="persistence" />
	</bean>
	
	<bean id="sessionService" class="gov.ca.dmv.AKT.business.ServicesImpl.SessionServiceImpl" scope="prototype">
	<property name="miscPersistence"    ref="miscPersistence" />
	<property name="sessionPersistence" ref="sessionPersistence" />
	<property name="examPersistence"    ref="examPersistence" />
	<property name="persistence"        ref="persistence" />
	<property name="examSeedData"       ref="examSeedData" />
	</bean>
	
	<bean id="sessionXAService" class="gov.ca.dmv.AKT.business.ServicesImpl.SessionServiceImpl" scope="prototype">
	<property name="miscPersistence"    ref="miscXAPersistence" />
	<property name="examPersistence"    ref="examXAPersistence" />
	</bean>
	
	<bean id="searchService" class="gov.ca.dmv.AKT.business.ServicesImpl.SearchServiceImpl" scope="prototype">
	<property name="applicantPersistence"    ref="applicantPersistence" />
	<property name="applicationPersistence"  ref="applicationPersistence" />
	<property name="examPersistence"         ref="examPersistence" />
	<property name="persistence"             ref="persistence" />
	<property name="examSeedData"       ref="examSeedData" />
	</bean>
	
	<bean id="applicationService" class="gov.ca.dmv.AKT.business.ServicesImpl.ApplicationServiceImpl" scope="prototype">
	<property name="applicantPersistence"   ref="applicantPersistence" />
	<property name="applicationPersistence" ref="applicationPersistence" />
	<property name="testPersistence"        ref="testPersistence" />
	<property name="examSessionData"        ref="examSessionData" />
	<property name="persistence"            ref="persistence" />
	</bean>
	
	<bean id="applicationXAService" class="gov.ca.dmv.AKT.business.ServicesImpl.ApplicationServiceImpl" scope="prototype">
	<property name="applicantPersistence"   ref="applicantXAPersistence" />
	<property name="applicationPersistence" ref="applicationXAPersistence" />
	<property name="testPersistence"        ref="testXAPersistence" />
	<property name="examSessionData"        ref="examSessionData" />
	<property name="persistence"            ref="persistenceXA" />
	</bean>
	
	<bean id="examService" class="gov.ca.dmv.AKT.business.ServicesImpl.ExamServiceImpl" scope="prototype">
	<property name="examSessionData" ref="examSessionData" />
	<property name="examSeedData"    ref="examSeedData" />
	<property name="examPersistence" ref="examPersistence" />
	<property name="testPersistence" ref="testPersistence" />
	<property name="persistence"     ref="persistence" />
	</bean>
	
	<bean id="examXAService" class="gov.ca.dmv.AKT.business.ServicesImpl.ExamServiceImpl" scope="prototype">
	<property name="examSessionData" ref="examSessionData" />
	<property name="examSeedData"    ref="examSeedData" />
	<property name="examPersistence" ref="examXAPersistence" />
	<property name="testPersistence" ref="testXAPersistence" />
	<property name="persistence"     ref="persistenceXA" />
	</bean>
	
	<bean id="categoryService" class="gov.ca.dmv.AKT.business.ServicesImpl.CategoryServiceImpl" scope="prototype">
	<property name="persistence"     ref="persistence" />
	</bean>
	
	<bean id="handbookRefService" class="gov.ca.dmv.AKT.business.ServicesImpl.HandbookRefServiceImpl" scope="prototype">
	<property name="persistence"     ref="persistence" />
	</bean>
	
	<bean id="forceFailRegistryService" class="gov.ca.dmv.AKT.business.ServicesImpl.ForceFailRegistryServiceImpl">
	</bean>
	
	<bean id="securityService" class="gov.ca.dmv.AKT.business.ServicesImpl.SecurityServiceImpl" scope="prototype">
	<property name="examSeedData"       ref="examSeedData" />
	</bean>
	
	<bean id="examSessionData" class="gov.ca.dmv.AKT.business.ServicesImpl.ExamSessionDataImpl" scope="session">
		<aop:scoped-proxy/>
	</bean>
	
	<bean id="examSeedData" class="gov.ca.dmv.AKT.business.ServicesImpl.ExamSeedDataImpl" init-method="init">
		<property name="testPersistence"        ref="testPersistence" />
		<property name="questionPersistence"    ref="questionPersistence" />
		<property name="miscPersistence"        ref="miscPersistence" />
		<property name="persistence"            ref="persistence" />
	</bean>
	
	<bean id="auditService" class="gov.ca.dmv.AKT.business.ServicesImpl.AuditServiceImpl" scope="prototype">
		<property name="persistence"     ref="persistence" />
	</bean>
	
	<!-- <bean id="dataSource" class="org.apache.commons.dbcp.BasicDataSource"
        destroy-method="close">
        <property name="driverClassName" value="org.postgresql.Driver" />
        <property name="url"             value="jdbc:postgresql://localhost:5432/AKT" />
        <property name="username"        value="postgres" />
        <property name="password"        value="root" />
        <property name="initialSize"     value="1" />
        <property name="maxActive"       value="50" />
        <property name="maxIdle"         value="1" />
    </bean> -->
    
    <bean id="dataSource" class="org.springframework.jndi.JndiObjectFactoryBean">
		<property name="jndiName" value="jdbc/aktDSnonXA" />
	</bean>
	   
    <!-- bean id="sessionFactory"
        class="org.springframework.orm.hibernate3.LocalSessionFactoryBean">
        <property name="dataSource"     ref="dataSource" />
        <property name="configLocation" value="classpath:/hibernate.cfg.nonXA.xml" />
        <property name="entityInterceptor">
    		<bean class="gov.ca.dmv.AKT.integration.Hibernate.DB2Interceptor"/>
  		</property> 
    </bean>-->
    
    <bean id="sessionFactory"
        class="org.springframework.orm.hibernate3.LocalSessionFactoryBean">
        <property name="dataSource"     ref="aktDSnonXA" />
        <property name="configLocation" value="classpath:/hibernate.cfg.nonXA.xml" />
        <property name="entityInterceptor">
    		<bean class="gov.ca.dmv.AKT.integration.Hibernate.DB2Interceptor"/>
  		</property>
    </bean>
    
    <bean id="session.XA.Factory"
        class="org.springframework.orm.hibernate3.LocalSessionFactoryBean">
        <property name="dataSource"     ref="aktDSwXA" />
        <property name="configLocation" value="classpath:/hibernate.cfg.XA.xml" />
        <property name="entityInterceptor">
    		<bean class="gov.ca.dmv.AKT.integration.Hibernate.DB2Interceptor"/>
  		</property>
    </bean>
    
    <bean id="transactionManager"
        class="org.springframework.orm.hibernate3.HibernateTransactionManager">
        <property name="sessionFactory" ref="sessionFactory" />
    </bean>
    
    <bean id="transaction.XA.Manager"
        class="org.springframework.orm.hibernate3.HibernateTransactionManager">
        <property name="sessionFactory" ref="session.XA.Factory" />
    </bean>

    <bean id="transactionAttributeSource"
        class="org.springframework.transaction.interceptor.NameMatchTransactionAttributeSource">
        <property name="properties">
            <props>
                <prop key="add*">PROPAGATION_REQUIRED</prop>
                <prop key="save*">PROPAGATION_REQUIRED</prop>
                <prop key="update*">PROPAGATION_REQUIRED</prop>
                <prop key="delete*">PROPAGATION_REQUIRED</prop>
            </props>
        </property>
    </bean>
    
   <bean id="categoryPersistence"
        class="org.springframework.transaction.interceptor.TransactionProxyFactoryBean"
        lazy-init="true">
        <property name="transactionManager"         ref="transactionManager" />
        <property name="transactionAttributeSource" ref="transactionAttributeSource" />
        <property name="target">
            <bean class="gov.ca.dmv.AKT.integration.PersistenceImpl.CategoryPersistenceImpl" scope="prototype">
                <property name="sessionFactory"     ref="sessionFactory" />
            </bean>
        </property>
    </bean>
    
    <bean id="miscPersistence"
        class="org.springframework.transaction.interceptor.TransactionProxyFactoryBean"
        lazy-init="true">
        <property name="transactionManager"         ref="transactionManager" />
        <property name="transactionAttributeSource" ref="transactionAttributeSource" />
        <property name="target">
            <bean class="gov.ca.dmv.AKT.integration.PersistenceImpl.MiscPersistenceImpl" scope="prototype">
                <property name="sessionFactory"     ref="sessionFactory" />
            </bean>
        </property>
    </bean>
	
	<bean id="miscXAPersistence"
        class="org.springframework.transaction.interceptor.TransactionProxyFactoryBean"
        lazy-init="true">
        <property name="transactionManager"         ref="transaction.XA.Manager" />
        <property name="transactionAttributeSource" ref="transactionAttributeSource" />
        <property name="target">
            <bean class="gov.ca.dmv.AKT.integration.PersistenceImpl.MiscPersistenceImpl" scope="prototype">
                <property name="sessionFactory"     ref="session.XA.Factory" />
            </bean>
        </property>
    </bean>
    
	<bean id="questionPersistence"
        class="org.springframework.transaction.interceptor.TransactionProxyFactoryBean"
        lazy-init="true">
        <property name="transactionManager"         ref="transactionManager" />
        <property name="transactionAttributeSource" ref="transactionAttributeSource" />
        <property name="target">
            <bean class="gov.ca.dmv.AKT.integration.PersistenceImpl.QuestionPersistenceImpl" scope="prototype">
                <property name="sessionFactory"     ref="sessionFactory" />
            </bean>
        </property>
    </bean>
    
    <bean id="testPersistence"
        class="org.springframework.transaction.interceptor.TransactionProxyFactoryBean"
        lazy-init="true">
        <property name="transactionManager"         ref="transactionManager" />
        <property name="transactionAttributeSource" ref="transactionAttributeSource" />
        <property name="target">
            <bean class="gov.ca.dmv.AKT.integration.PersistenceImpl.TestPersistenceImpl" scope="prototype">
                <property name="sessionFactory"     ref="sessionFactory" />
            </bean>
        </property>
    </bean>
    
    <bean id="testXAPersistence"
        class="org.springframework.transaction.interceptor.TransactionProxyFactoryBean"
        lazy-init="true">
        <property name="transactionManager"         ref="transaction.XA.Manager" />
        <property name="transactionAttributeSource" ref="transactionAttributeSource" />
        <property name="target">
            <bean class="gov.ca.dmv.AKT.integration.PersistenceImpl.TestPersistenceImpl" scope="prototype">
                <property name="sessionFactory"     ref="session.XA.Factory" />
            </bean>
        </property>
    </bean>
       
    <bean id="searchPersistence"
        class="org.springframework.transaction.interceptor.TransactionProxyFactoryBean"
        lazy-init="true">
        <property name="transactionManager"         ref="transactionManager" />
        <property name="transactionAttributeSource" ref="transactionAttributeSource" />
        <property name="target">
            <bean class="gov.ca.dmv.AKT.integration.PersistenceImpl.SearchPersistenceImpl" scope="prototype">
                <property name="sessionFactory"     ref="sessionFactory" />
            </bean>
        </property>
    </bean>
    
    <bean id="applicantPersistence"
        class="org.springframework.transaction.interceptor.TransactionProxyFactoryBean"
        lazy-init="true">
        <property name="transactionManager"         ref="transactionManager" />
        <property name="transactionAttributeSource" ref="transactionAttributeSource" />
        <property name="target">
            <bean class="gov.ca.dmv.AKT.integration.PersistenceImpl.ApplicantPersistenceImpl" scope="prototype">
                <property name="sessionFactory"     ref="sessionFactory" />
            </bean>
        </property>
    </bean>  
    
    <bean id="applicantXAPersistence"
        class="org.springframework.transaction.interceptor.TransactionProxyFactoryBean"
        lazy-init="true">
        <property name="transactionManager"         ref="transaction.XA.Manager" />
        <property name="transactionAttributeSource" ref="transactionAttributeSource" />
        <property name="target">
            <bean class="gov.ca.dmv.AKT.integration.PersistenceImpl.ApplicantPersistenceImpl" scope="prototype">
                <property name="sessionFactory"     ref="session.XA.Factory" />
            </bean>
        </property>
    </bean>
    
    <bean id="applicationPersistence"
        class="org.springframework.transaction.interceptor.TransactionProxyFactoryBean"
        lazy-init="true">
        <property name="transactionManager"         ref="transactionManager" />
        <property name="transactionAttributeSource" ref="transactionAttributeSource" />
        <property name="target">
            <bean class="gov.ca.dmv.AKT.integration.PersistenceImpl.ApplicationPersistenceImpl" scope="prototype">
                <property name="sessionFactory"     ref="sessionFactory" />
            </bean>
        </property>
    </bean>
     
    <bean id="applicationXAPersistence"
        class="org.springframework.transaction.interceptor.TransactionProxyFactoryBean"
        lazy-init="true">
        <property name="transactionManager"         ref="transaction.XA.Manager" />
        <property name="transactionAttributeSource" ref="transactionAttributeSource" />
        <property name="target">
            <bean class="gov.ca.dmv.AKT.integration.PersistenceImpl.ApplicationPersistenceImpl" scope="prototype">
                <property name="sessionFactory"     ref="session.XA.Factory" />
            </bean>
        </property>
    </bean> 
     
    <bean id="sessionPersistence"
        class="org.springframework.transaction.interceptor.TransactionProxyFactoryBean"
        lazy-init="true">
        <property name="transactionManager"         ref="transactionManager" />
        <property name="transactionAttributeSource" ref="transactionAttributeSource" />
        <property name="target">
            <bean class="gov.ca.dmv.AKT.integration.PersistenceImpl.SessionPersistenceImpl" scope="prototype">
                <property name="sessionFactory"     ref="sessionFactory" />
            </bean>
        </property>
    </bean>
    
    <bean id="examPersistence"
        class="org.springframework.transaction.interceptor.TransactionProxyFactoryBean"
        lazy-init="true">
        <property name="transactionManager"         ref="transactionManager" />
        <property name="transactionAttributeSource" ref="transactionAttributeSource" />
        <property name="target">
            <bean class="gov.ca.dmv.AKT.integration.PersistenceImpl.ExamPersistenceImpl" scope="prototype">
                <property name="sessionFactory"     ref="sessionFactory" />
            </bean>
        </property>
    </bean>
    
    <bean id="examXAPersistence"
        class="org.springframework.transaction.interceptor.TransactionProxyFactoryBean"
        lazy-init="true">
        <property name="transactionManager"         ref="transaction.XA.Manager" />
        <property name="transactionAttributeSource" ref="transactionAttributeSource" />
        <property name="target">
            <bean class="gov.ca.dmv.AKT.integration.PersistenceImpl.ExamPersistenceImpl" scope="prototype">
                <property name="sessionFactory"     ref="session.XA.Factory" />
            </bean>
        </property>
    </bean>
     
    <bean id="persistence"
        class="org.springframework.transaction.interceptor.TransactionProxyFactoryBean"
        lazy-init="true">
        <property name="transactionManager"         ref="transactionManager" />
        <property name="transactionAttributeSource" ref="transactionAttributeSource" />
        <property name="target">
            <bean class="gov.ca.dmv.AKT.integration.PersistenceImpl.PersistenceImpl" scope="prototype">
                <property name="sessionFactory"     ref="sessionFactory" />
            </bean>
        </property>
    </bean>
    
     <bean id="persistenceXA"
        class="org.springframework.transaction.interceptor.TransactionProxyFactoryBean"
        lazy-init="true">
        <property name="transactionManager"         ref="transaction.XA.Manager" />
        <property name="transactionAttributeSource" ref="transactionAttributeSource" />
        <property name="target">
            <bean class="gov.ca.dmv.AKT.integration.PersistenceImpl.PersistenceImpl" scope="prototype">
                <property name="sessionFactory"     ref="session.XA.Factory" />
            </bean>
        </property>
    </bean>
</beans>
