<?xml version="1.0" encoding="UTF-8"?>
<!DOCTYPE tiles-definitions PUBLIC "-//Apache Software Foundation//DTD Tiles Configuration 2.0//EN" 
"http://tiles.apache.org/dtds/tiles-config_2_0.dtd">
<tiles-definitions>
	<definition name="base"       template="/WEB-INF/jsp/layout/masterLayout.jsp">
		<put-attribute name="header" value="" />
		<put-attribute name="body"   value="" />
		<put-attribute name="footer" value="" />
	</definition>
	
	<definition name="base2"       template="/WEB-INF/jsp/layout/masterLayout2.jsp">
		<put-attribute name="body"   value="" />
	</definition>
	
	<definition name="base3"       template="/WEB-INF/jsp/layout/masterLayout4.jsp">
		<put-attribute name="body"   value="" />
	</definition>
	
	<definition name="welcome" extends="base">
		<put-attribute name="header" value="/WEB-INF/jsp/include/header.jsp" />
		<put-attribute name="body"   value="/WEB-INF/jsp/body/Headquarter/welcomeBody.jsp" />
		<put-attribute name="footer" value="/WEB-INF/jsp/include/footer.jsp" />
	</definition>
	
	<definition name="HqMainPage" extends="base">
		<put-attribute name="header" value="/WEB-INF/jsp/include/header.jsp" />
		<put-attribute name="body"   value="/WEB-INF/jsp/body/Headquarter/HqMainPageBody.jsp" />
		<put-attribute name="footer" value="/WEB-INF/jsp/include/footer.jsp" />
	</definition>
	
	<definition name="createtesttype" extends="base">
		<put-attribute name="header" value="/WEB-INF/jsp/include/header.jsp" />
		<put-attribute name="body"   value="/WEB-INF/jsp/body/Headquarter/createTestTypeBody.jsp" />
		<put-attribute name="footer" value="/WEB-INF/jsp/include/footer.jsp" />
	</definition>
	
	<definition name="viewtesttype" extends="base">
		<put-attribute name="header" value="/WEB-INF/jsp/include/header.jsp" />
		<put-attribute name="body"   value="/WEB-INF/jsp/body/Headquarter/viewTestTypeBody.jsp" />
		<put-attribute name="footer" value="/WEB-INF/jsp/include/footer.jsp" />
	</definition>
	
	<definition name="searchtesttype" extends="base">
		<put-attribute name="header" value="/WEB-INF/jsp/include/header.jsp" />
		<put-attribute name="body"   value="/WEB-INF/jsp/body/Headquarter/searchTestTypeBody.jsp" />
		<put-attribute name="footer" value="/WEB-INF/jsp/include/footer.jsp" />
	</definition>
	
	<definition name="modifytesttype" extends="base">
		<put-attribute name="header" value="/WEB-INF/jsp/include/header.jsp" />
		<put-attribute name="body"   value="/WEB-INF/jsp/body/Headquarter/modifyTestTypeBody.jsp" />
		<put-attribute name="footer" value="/WEB-INF/jsp/include/footer.jsp" />
	</definition>
	
	<definition name="createparent" extends="base">
		<put-attribute name="header" value="/WEB-INF/jsp/include/header.jsp" />
		<put-attribute name="body"   value="/WEB-INF/jsp/body/Headquarter/createParentQuestionBody2.jsp" />
		<put-attribute name="footer" value="/WEB-INF/jsp/include/footer.jsp" />
	</definition>
	
	<definition name="modifyparent" extends="base">
		<put-attribute name="header" value="/WEB-INF/jsp/include/header.jsp" />
		<put-attribute name="body"   value="/WEB-INF/jsp/body/Headquarter/modifyParentQuestionBody.jsp" />
		<put-attribute name="footer" value="/WEB-INF/jsp/include/footer.jsp" />
	</definition>
	
	<definition name="viewparent" extends="base">
		<put-attribute name="header" value="/WEB-INF/jsp/include/header.jsp" />
		<put-attribute name="body"   value="/WEB-INF/jsp/body/Headquarter/viewParentQuestionBody.jsp" />
		<put-attribute name="footer" value="/WEB-INF/jsp/include/footer.jsp" />
	</definition>
	
	<definition name="create" extends="base">
		<put-attribute name="header" value="/WEB-INF/jsp/include/header.jsp" />
		<put-attribute name="body"   value="/WEB-INF/jsp/body/Headquarter/createBody2.jsp" />
		<put-attribute name="footer" value="/WEB-INF/jsp/include/footer.jsp" />
	</definition>
	
	<definition name="view" extends="base">
		<put-attribute name="header" value="/WEB-INF/jsp/include/header.jsp" />
		<put-attribute name="body"   value="/WEB-INF/jsp/body/Headquarter/viewQuestionBody.jsp" />
		<put-attribute name="footer" value="/WEB-INF/jsp/include/footer.jsp" />
	</definition>
	
	<definition name="modifyquestion" extends="base">
		<put-attribute name="header" value="/WEB-INF/jsp/include/header.jsp" />
		<put-attribute name="body"   value="/WEB-INF/jsp/body/Headquarter/modifyQuestionBody.jsp" />
		<put-attribute name="footer" value="/WEB-INF/jsp/include/footer.jsp" />
	</definition>
	
	<definition name="search" extends="base">
		<put-attribute name="header" value="/WEB-INF/jsp/include/header.jsp" />
		<put-attribute name="body"   value="/WEB-INF/jsp/body/Headquarter/searchBody.jsp" />
		<put-attribute name="footer" value="/WEB-INF/jsp/include/footer.jsp" />
	</definition>
	
	<definition name="searchresult" extends="base">
		<put-attribute name="header" value="/WEB-INF/jsp/include/header.jsp" />
		<put-attribute name="body"   value="/WEB-INF/jsp/body/Headquarter/searchResultBody.jsp" />
		<put-attribute name="footer" value="/WEB-INF/jsp/include/footer.jsp" />
	</definition>
	
	<definition name="quesreport" extends="base">
		<put-attribute name="header" value="/WEB-INF/jsp/include/header.jsp" />
		<put-attribute name="body"   value="/WEB-INF/jsp/body/Headquarter/quesReportBody.jsp" />
		<put-attribute name="footer" value="/WEB-INF/jsp/include/footer.jsp" />
	</definition>
	
	<definition name="pendingreview" extends="base">
		<put-attribute name="header" value="/WEB-INF/jsp/include/header.jsp" />
		<put-attribute name="body"   value="/WEB-INF/jsp/body/Headquarter/pendingReviewBody.jsp" />
		<put-attribute name="footer" value="/WEB-INF/jsp/include/footer.jsp" />
	</definition>
	
	<definition name="initialscreen" extends="base2">
		<put-attribute name="body"   value="/WEB-INF/jsp/body/TestTaking/initialScreenBody.jsp" />
	</definition>
	
	<definition name="selectlang" extends="base2">
		<put-attribute name="body"   value="/WEB-INF/jsp/body/TestTaking/selectLangBody.jsp" />
	</definition>
	
<!-- 	<definition name="video" extends="base2"> -->
	<definition name="video" extends="base3">
		<put-attribute name="body"   value="/WEB-INF/jsp/body/TestTaking/videoBody.jsp" />
	</definition>
	
	<definition name="scanbarcode" extends="base2">
		<put-attribute name="body"   value="/WEB-INF/jsp/body/TestTaking/scanBarcodeBody.jsp" />
	</definition>
	
	<definition name="scanfingerprint" extends="base2">
		<put-attribute name="body"   value="/WEB-INF/jsp/body/TestTaking/scanFingerprintBody.jsp" />
	</definition>
	
	<definition name="getdlinfo" extends="base2">
		<put-attribute name="body"   value="/WEB-INF/jsp/body/TestTaking/getDLInfoBody.jsp" />
	</definition>	
	
	<definition name="scaninfo" extends="base2">
		<put-attribute name="body"   value="/WEB-INF/jsp/body/TestTaking/scanInfoBody.jsp" />
	</definition>
	
	<definition name="validateyob" extends="base2">
		<put-attribute name="body"   value="/WEB-INF/jsp/body/TestTaking/validateYOBBody.jsp" />
	</definition>
	
	<definition name="testlist" extends="base2">
		<put-attribute name="body"   value="/WEB-INF/jsp/body/TestTaking/testListBody.jsp" />
	</definition>
	
	<definition name="examquest" extends="base2">
		<put-attribute name="body"   value="/WEB-INF/jsp/body/TestTaking/examQuestBody.jsp" />
	</definition>
	
	<definition name="examresult" extends="base2">
		<put-attribute name="body"   value="/WEB-INF/jsp/body/TestTaking/examResultBody.jsp" />
	</definition>
	
	<definition name="displayendofexam" extends="base2">
		<put-attribute name="body"   value="/WEB-INF/jsp/body/TestTaking/displayEndOfExamBody.jsp" />
	</definition>
	
	<definition name="error" extends="base2">
		<put-attribute name="body"   value="/WEB-INF/jsp/body/TestTaking/errorBody.jsp" />
	</definition>
	
	<definition name="yoberror" extends="base2">
		<put-attribute name="body"   value="/WEB-INF/jsp/body/TestTaking/yobErrorBody.jsp" />
	</definition>
	
	<definition name="pause" extends="base2">
		<put-attribute name="body"   value="/WEB-INF/jsp/body/TestTaking/pauseBody.jsp" />
	</definition>
	
	<definition name="testrules" extends="base2">
		<put-attribute name="body"   value="/WEB-INF/jsp/body/TestTaking/testRules.jsp" />
	</definition>
	
	<definition name="taketest" extends="base2">
		<put-attribute name="body"   value="/WEB-INF/jsp/body/TestTaking/takeTest.jsp" />
	</definition>
	
	<definition name="pauseconfirmation" extends="base2">
		<put-attribute name="body"   value="/WEB-INF/jsp/body/TestTaking/pauseConfirmationBody.jsp" />
	</definition>
	
	<definition name="review" extends="base2">
		<put-attribute name="body"   value="/WEB-INF/jsp/body/TestTaking/reviewBody.jsp" />
	</definition>
	
	<definition name="reviewExam" extends="base2">
		<put-attribute name="body"   value="/WEB-INF/jsp/body/TestTaking/reviewExamBody.jsp" />
	</definition>
		
	<definition name="samplequestionconfirm" extends="base2">
		<put-attribute name="body"   value="/WEB-INF/jsp/body/TestTaking/sampleQuestionConfirmBody.jsp" />
	</definition>
	
	<definition name="samplequestion" extends="base2">
		<put-attribute name="body"   value="/WEB-INF/jsp/body/TestTaking/sampleQuestionBody.jsp" />
	</definition>
	
	<definition name="additionaltests" extends="base2">
		<put-attribute name="body"   value="/WEB-INF/jsp/body/TestTaking/additionalTestsBody.jsp" />
	</definition>
	
	<definition name="inactivity" extends="base2">
		<put-attribute name="body"   value="/WEB-INF/jsp/body/TestTaking/inactivityBody.jsp" />
	</definition>
	
	<definition name="perjury" extends="base2">
		<put-attribute name="body"   value="/WEB-INF/jsp/body/TestTaking/perjuryBody.jsp" />
	</definition>
	
	<definition name="duplicateparenterror" extends="base">
		<put-attribute name="header" value="/WEB-INF/jsp/include/header.jsp" />
		<put-attribute name="body"   value="/WEB-INF/jsp/body/Headquarter/duplicateQuestionErrorBody.jsp" />
		<put-attribute name="footer" value="/WEB-INF/jsp/include/footer.jsp" />
	</definition>
	
	<definition name="duplicateerror" extends="base">
		<put-attribute name="header" value="/WEB-INF/jsp/include/header.jsp" />
		<put-attribute name="body"   value="/WEB-INF/jsp/body/Headquarter/duplicateErrorBody.jsp" />
		<put-attribute name="footer" value="/WEB-INF/jsp/include/footer.jsp" />
	</definition>
	
	<definition name="fomain" extends="base">
		<put-attribute name="header" value="/WEB-INF/jsp/include/header.jsp" />
		<put-attribute name="body"   value="/WEB-INF/jsp/body/FieldOffice/foMainBody.jsp" />
		<put-attribute name="footer" value="/WEB-INF/jsp/include/footer.jsp" />
	</definition>
	
	<definition name="yoblockoutlist" extends="base">
		<put-attribute name="header" value="/WEB-INF/jsp/include/header.jsp" />
		<put-attribute name="body"   value="/WEB-INF/jsp/body/FieldOffice/yobLockoutListBody.jsp" />
		<put-attribute name="footer" value="/WEB-INF/jsp/include/footer.jsp" />
	</definition>
	
	<definition name="failedtoauthenticate" extends="base">
		<put-attribute name="header" value="/WEB-INF/jsp/include/header.jsp" />
		<put-attribute name="body"   value="/WEB-INF/jsp/body/FieldOffice/failedToAuthenticateBody.jsp" />
		<put-attribute name="footer" value="/WEB-INF/jsp/include/footer.jsp" />
	</definition>
	
	<definition name="forcefaillist" extends="base">
		<put-attribute name="header" value="/WEB-INF/jsp/include/header.jsp" />
		<put-attribute name="body"   value="/WEB-INF/jsp/body/FieldOffice/forceFailBody.jsp" />
		<put-attribute name="footer" value="/WEB-INF/jsp/include/footer.jsp" />
	</definition>
	
	<definition name="activesessionlist" extends="base">
		<put-attribute name="header" value="/WEB-INF/jsp/include/header.jsp" />
		<put-attribute name="body"   value="/WEB-INF/jsp/body/FieldOffice/activeSessionBody.jsp" />
		<put-attribute name="footer" value="/WEB-INF/jsp/include/footer.jsp" />
	</definition>
		
	<definition name="printtestlist" extends="base">
		<put-attribute name="header" value="/WEB-INF/jsp/include/header.jsp" />
		<put-attribute name="body"   value="/WEB-INF/jsp/body/FieldOffice/printTestListBody.jsp" />
		<put-attribute name="footer" value="/WEB-INF/jsp/include/footer.jsp" />
	</definition>
	
	<definition name="printtest" extends="base">
		<put-attribute name="header" value="/WEB-INF/jsp/include/header.jsp" />
		<put-attribute name="body"   value="/WEB-INF/jsp/body/FieldOffice/printTestBody.jsp" />
		<put-attribute name="footer" value="/WEB-INF/jsp/include/footer.jsp" />
	</definition>
	
	<definition name="printfinishedtests" extends="base">
		<put-attribute name="header" value="/WEB-INF/jsp/include/header.jsp" />
		<put-attribute name="body"   value="/WEB-INF/jsp/body/FieldOffice/printFinishedTestsBody.jsp" />
		<put-attribute name="footer" value="/WEB-INF/jsp/include/footer.jsp" />
	</definition>
	
	<definition name="printtest2" extends="base">
		<put-attribute name="header" value="/WEB-INF/jsp/include/header.jsp" />
		<put-attribute name="body"   value="/WEB-INF/jsp/body/FieldOffice/printTestBody2.jsp" />
		<put-attribute name="footer" value="/WEB-INF/jsp/include/footer.jsp" />
	</definition>
	
	<definition name="qpf" extends="base">
		<put-attribute name="header" value="/WEB-INF/jsp/include/header.jsp" />
		<put-attribute name="body"   value="/WEB-INF/jsp/body/Headquarter/qpfBody.jsp" />
		<put-attribute name="footer" value="/WEB-INF/jsp/include/footer.jsp" />
	</definition>
	
	<definition name="pausedexamslist" extends="base">
		<put-attribute name="header" value="/WEB-INF/jsp/include/header.jsp" />
		<put-attribute name="body"   value="/WEB-INF/jsp/body/FieldOffice/pausedExamsBody.jsp" />
		<put-attribute name="footer" value="/WEB-INF/jsp/include/footer.jsp" />
	</definition>
	
	<definition name="quitexams" extends="base">
		<put-attribute name="header" value="/WEB-INF/jsp/include/header.jsp" />
		<put-attribute name="body"   value="/WEB-INF/jsp/body/FieldOffice/quitExamsBody.jsp" />
		<put-attribute name="footer" value="/WEB-INF/jsp/include/footer.jsp" />
	</definition>
	
	<definition name="teststatus" extends="base">
		<put-attribute name="header" value="/WEB-INF/jsp/include/header.jsp" />
		<put-attribute name="body"   value="/WEB-INF/jsp/body/FieldOffice/testStatusBody.jsp" />
		<put-attribute name="footer" value="/WEB-INF/jsp/include/footer.jsp" />
	</definition>
	
	<definition name="disconnectedsessions" extends="base">
		<put-attribute name="header" value="/WEB-INF/jsp/include/header.jsp" />
		<put-attribute name="body"   value="/WEB-INF/jsp/body/FieldOffice/disconnectedSessionsBody.jsp" />
		<put-attribute name="footer" value="/WEB-INF/jsp/include/footer.jsp" />
	</definition>
	
	<definition name="timedoutexams" extends="base">
		<put-attribute name="header" value="/WEB-INF/jsp/include/header.jsp" />
		<put-attribute name="body"   value="/WEB-INF/jsp/body/FieldOffice/timedOutExamsBody.jsp" />
		<put-attribute name="footer" value="/WEB-INF/jsp/include/footer.jsp" />
	</definition>
	
	<definition name="incompleteexams" extends="base">
		<put-attribute name="header" value="/WEB-INF/jsp/include/header.jsp" />
		<put-attribute name="body"   value="/WEB-INF/jsp/body/FieldOffice/incompleteExamsBody.jsp" />
		<put-attribute name="footer" value="/WEB-INF/jsp/include/footer.jsp" />
	</definition>
	
	<definition name="endofdayreport" extends="base">
		<put-attribute name="header" value="/WEB-INF/jsp/include/header.jsp" />
		<put-attribute name="body"   value="/WEB-INF/jsp/body/FieldOffice/endOfDayReportBody.jsp" />
		<put-attribute name="footer" value="/WEB-INF/jsp/include/footer.jsp" />
	</definition>
	
	<definition name="dl" extends="base">
		<put-attribute name="header" value="/WEB-INF/jsp/include/header.jsp" />
		<put-attribute name="body"   value="/WEB-INF/jsp/body/FieldOffice/dlBody.jsp" />
		<put-attribute name="footer" value="/WEB-INF/jsp/include/footer.jsp" />
	</definition>
	
	<definition name="testresults" extends="base">
		<put-attribute name="header" value="/WEB-INF/jsp/include/header.jsp" />
		<put-attribute name="body"   value="/WEB-INF/jsp/body/FieldOffice/testResultsBody.jsp" />
		<put-attribute name="footer" value="/WEB-INF/jsp/include/footer.jsp" />
	</definition>
	
	<definition name="testresultsall" extends="base">
		<put-attribute name="header" value="/WEB-INF/jsp/include/header.jsp" />
		<put-attribute name="body"   value="/WEB-INF/jsp/body/FieldOffice/testResultsAllBody.jsp" />
		<put-attribute name="footer" value="/WEB-INF/jsp/include/footer.jsp" />
	</definition>
	
	<definition name="applist" extends="base">
		<put-attribute name="header" value="/WEB-INF/jsp/include/header.jsp" />
		<put-attribute name="body"   value="/WEB-INF/jsp/body/FieldOffice/appBody.jsp" />
		<put-attribute name="footer" value="/WEB-INF/jsp/include/footer.jsp" />
	</definition>
	
	<definition name="passrate" extends="base">
		<put-attribute name="header" value="/WEB-INF/jsp/include/header.jsp" />
		<put-attribute name="body"   value="/WEB-INF/jsp/body/Headquarter/passRateBody.jsp" />
		<put-attribute name="footer" value="/WEB-INF/jsp/include/footer.jsp" />
	</definition>
	
	<definition name="modifypassrate" extends="base">
		<put-attribute name="header" value="/WEB-INF/jsp/include/header.jsp" />
		<put-attribute name="body"   value="/WEB-INF/jsp/body/Headquarter/modifyPassRateBody.jsp" />
		<put-attribute name="footer" value="/WEB-INF/jsp/include/footer.jsp" />
	</definition>
	
	<definition name="modifytimelimit" extends="base">
		<put-attribute name="header" value="/WEB-INF/jsp/include/header.jsp" />
		<put-attribute name="body"   value="/WEB-INF/jsp/body/Headquarter/modifyTimeLimitBody.jsp" />
		<put-attribute name="footer" value="/WEB-INF/jsp/include/footer.jsp" />
	</definition>
		
	<definition name="generaterep" extends="base">
		<put-attribute name="header" value="/WEB-INF/jsp/include/header.jsp" />
		<put-attribute name="body"   value="/WEB-INF/jsp/body/FieldOffice/generateRepBody.jsp" />
		<put-attribute name="footer" value="/WEB-INF/jsp/include/footer.jsp" />
	</definition>
	
	<definition name="review2" extends="base">
		<put-attribute name="header" value="/WEB-INF/jsp/include/header.jsp" />
		<put-attribute name="body"   value="/WEB-INF/jsp/body/FieldOffice/reviewBody2.jsp" />
		<put-attribute name="footer" value="/WEB-INF/jsp/include/footer.jsp" />
	</definition>
	
	<definition name="exceptionreport" extends="base">
		<put-attribute name="header" value="/WEB-INF/jsp/include/header.jsp" />
		<put-attribute name="body"   value="/WEB-INF/jsp/body/FieldOffice/exceptionReportBody.jsp" />
		<put-attribute name="footer" value="/WEB-INF/jsp/include/footer.jsp" />
	</definition>
	
	<definition name="datesforvolume" extends="base">
		<put-attribute name="header" value="/WEB-INF/jsp/include/header.jsp" />
		<put-attribute name="body"   value="/WEB-INF/jsp/body/FieldOffice/datesForVolumeReportBody.jsp" />
		<put-attribute name="footer" value="/WEB-INF/jsp/include/footer.jsp" />
	</definition>
	
	<definition name="datesforhistorical" extends="base">
		<put-attribute name="header" value="/WEB-INF/jsp/include/header.jsp" />
		<put-attribute name="body"   value="/WEB-INF/jsp/body/FieldOffice/datesForHistoricalReportBody.jsp" />
		<put-attribute name="footer" value="/WEB-INF/jsp/include/footer.jsp" />
	</definition>
	
	<definition name="terminalstatus" extends="base">
		<put-attribute name="header" value="/WEB-INF/jsp/include/header.jsp" />
		<put-attribute name="body"   value="/WEB-INF/jsp/body/FieldOffice/terminalStatusBody.jsp" />
		<put-attribute name="footer" value="/WEB-INF/jsp/include/footer.jsp" />
	</definition>
	
	<definition name="viewtransferterminal" extends="base">
		<put-attribute name="header" value="/WEB-INF/jsp/include/header.jsp" />
		<put-attribute name="body"   value="/WEB-INF/jsp/body/FieldOffice/viewTransferTerminalBody.jsp" />
		<put-attribute name="footer" value="/WEB-INF/jsp/include/footer.jsp" />
	</definition>
	
	<definition name="printtests" extends="base">
		<put-attribute name="header" value="/WEB-INF/jsp/include/header.jsp" />
		<put-attribute name="body"   value="/WEB-INF/jsp/body/FieldOffice/printTestsBody.jsp" />
		<put-attribute name="footer" value="/WEB-INF/jsp/include/footer.jsp" />
	</definition>
	
	<definition name="printtestsforans" extends="base">
		<put-attribute name="header" value="/WEB-INF/jsp/include/header.jsp" />
		<put-attribute name="body"   value="/WEB-INF/jsp/body/FieldOffice/printTestsForAnsKeyBody.jsp" />
		<put-attribute name="footer" value="/WEB-INF/jsp/include/footer.jsp" />
	</definition>
	
	<definition name="updatescore" extends="base">
		<put-attribute name="header" value="/WEB-INF/jsp/include/header.jsp" />
		<put-attribute name="body"   value="/WEB-INF/jsp/body/FieldOffice/updateScoreBody.jsp" />
		<put-attribute name="footer" value="/WEB-INF/jsp/include/footer.jsp" />
	</definition>
	
	<definition name="testqueue" extends="base">
		<put-attribute name="header" value="/WEB-INF/jsp/include/header.jsp" />
		<put-attribute name="body"   value="/WEB-INF/jsp/body/FieldOffice/testQueueBody.jsp" />
		<put-attribute name="footer" value="/WEB-INF/jsp/include/footer.jsp" />
	</definition>
	
	<definition name="printtestqueue" extends="base">
		<put-attribute name="header" value="/WEB-INF/jsp/include/header.jsp" />
		<put-attribute name="body"   value="/WEB-INF/jsp/body/FieldOffice/printTestQueueBody.jsp" />
		<put-attribute name="footer" value="/WEB-INF/jsp/include/footer.jsp" />
	</definition>
	
	<definition name="appinfo" extends="base">
		<put-attribute name="header" value="/WEB-INF/jsp/include/header.jsp" />
		<put-attribute name="body"   value="/WEB-INF/jsp/body/FieldOffice/appInfoBody.jsp" />
		<put-attribute name="footer" value="/WEB-INF/jsp/include/footer.jsp" />
	</definition>
	
	<definition name="volumereport" extends="base">
		<put-attribute name="header" value="/WEB-INF/jsp/include/header.jsp" />
		<put-attribute name="body"   value="/WEB-INF/jsp/body/FieldOffice/volumeReportBody.jsp" />
		<put-attribute name="footer" value="/WEB-INF/jsp/include/footer.jsp" />
	</definition>
	
	<definition name="historicalreport" extends="base">
		<put-attribute name="header" value="/WEB-INF/jsp/include/header.jsp" />
		<put-attribute name="body"   value="/WEB-INF/jsp/body/FieldOffice/historicalReportBody.jsp" />
		<put-attribute name="footer" value="/WEB-INF/jsp/include/footer.jsp" />
	</definition>
	
	<definition name="createTestCategoryView" extends="base">
		<put-attribute name="header" value="/WEB-INF/jsp/include/header.jsp" />
		<put-attribute name="body"   value="/WEB-INF/jsp/body/Headquarter/createTestCategoryViewBody.jsp" />
		<put-attribute name="footer" value="/WEB-INF/jsp/include/footer.jsp" />
	</definition>
	
	<definition name="viewTestCategory" extends="base">
		<put-attribute name="header" value="/WEB-INF/jsp/include/header.jsp" />
		<put-attribute name="body"   value="/WEB-INF/jsp/body/Headquarter/viewTestCategoryBody.jsp" />
		<put-attribute name="footer" value="/WEB-INF/jsp/include/footer.jsp" />
	</definition>
	
	<definition name="modifyCategoryType" extends="base">
		<put-attribute name="header" value="/WEB-INF/jsp/include/header.jsp" />
		<put-attribute name="body"   value="/WEB-INF/jsp/body/Headquarter/modifyCategoryTypeBody.jsp" />
		<put-attribute name="footer" value="/WEB-INF/jsp/include/footer.jsp" />
	</definition>
	
	
	<definition name="searchTestCategory" extends="base">
		<put-attribute name="header" value="/WEB-INF/jsp/include/header.jsp" />
		<put-attribute name="body"   value="/WEB-INF/jsp/body/Headquarter/searchTestCategoryBody.jsp" />
		<put-attribute name="footer" value="/WEB-INF/jsp/include/footer.jsp" />
	</definition>
	
	<definition name="createHandbookSection" extends="base">
		<put-attribute name="header" value="/WEB-INF/jsp/include/header.jsp" />
		<put-attribute name="body"   value="/WEB-INF/jsp/body/Headquarter/createHandbookSectionBody.jsp" />
		<put-attribute name="footer" value="/WEB-INF/jsp/include/footer.jsp" />
	</definition>
	
	<definition name="viewHandbookSection" extends="base">
		<put-attribute name="header" value="/WEB-INF/jsp/include/header.jsp" />
		<put-attribute name="body"   value="/WEB-INF/jsp/body/Headquarter/viewHandbookSectionBody.jsp" />
		<put-attribute name="footer" value="/WEB-INF/jsp/include/footer.jsp" />
	</definition>
	
	<definition name="modifyHandbookSection" extends="base">
		<put-attribute name="header" value="/WEB-INF/jsp/include/header.jsp" />
		<put-attribute name="body"   value="/WEB-INF/jsp/body/Headquarter/modifyHandbookSectionBody.jsp" />
		<put-attribute name="footer" value="/WEB-INF/jsp/include/footer.jsp" />
	</definition>
	
	<definition name="searchHandbookSection" extends="base">
		<put-attribute name="header" value="/WEB-INF/jsp/include/header.jsp" />
		<put-attribute name="body"   value="/WEB-INF/jsp/body/Headquarter/searchHandbookSectionBody.jsp" />
		<put-attribute name="footer" value="/WEB-INF/jsp/include/footer.jsp" />
	</definition>
	
	<definition name="previewModifiedQuestion" extends="base2">
		<put-attribute name="body"   value="/WEB-INF/jsp/body/Headquarter/previewModifiedQuestionBody.jsp" />
	</definition>
	
	<definition name="healthcheck" extends="base2">
		<put-attribute name="body"   value="/WEB-INF/jsp/body/TestTaking/healthCheckBody.jsp" />
	</definition>
	
	<!-- The two tiles below are just used for testing internationalization. They have to be removed before going live -->
	<definition name="test" extends="base">
		<put-attribute name="header" value="/WEB-INF/jsp/include/header.jsp" />
		<put-attribute name="body"   value="/WEB-INF/jsp/body/TestTaking/testInternationalization.jsp" />
		<put-attribute name="footer" value="/WEB-INF/jsp/include/footer.jsp" />
	</definition>
	
	<definition name="test2" extends="base2">
		<put-attribute name="body"   value="/WEB-INF/jsp/body/TestTaking/viewInternationalization.jsp" />
	</definition>
</tiles-definitions>