<?xml version="1.0" encoding="UTF-8"?>
<beans xmlns="http://www.springframework.org/schema/beans"
	xmlns:xsi="http://www.w3.org/2001/XMLSchema-instance" xmlns:util="http://www.springframework.org/schema/util"
	xmlns:tx="http://www.springframework.org/schema/tx" xmlns:jee="http://www.springframework.org/schema/jee"
	xmlns:context="http://www.springframework.org/schema/context"
	xsi:schemaLocation="http://www.springframework.org/schema/beans http://www.springframework.org/schema/beans/spring-beans-2.3.xsd
	http://www.springframework.org/schema/tx http://www.springframework.org/schema/tx/spring-tx-2.3.xsd 
	http://www.springframework.org/schema/jee http://www.springframework.org/schema/jee/spring-jee-2.3.xsd
	http://www.springframework.org/schema/context http://www.springframework.org/schema/context/spring-context.xsd">

	<context:property-placeholder location="classpath:application.properties" />
		<context:component-scan base-package="gov.ca.dmv.**.*" />
	
	<bean
		class="org.springframework.orm.jpa.support.PersistenceAnnotationBeanPostProcessor" />

	<jee:jndi-lookup id="jndiDataSource" jndi-name="jdbc/easeDS"
		expected-type="javax.sql.DataSource" />
<context:annotation-config />
	<tx:annotation-driven transaction-manager="transactionManager" />

	<bean id="entityManagerFactory"
		class="org.springframework.orm.jpa.LocalContainerEntityManagerFactoryBean">
		<property name="dataSource" ref="jndiDataSource" />
		<property name="persistenceUnitName" value="cpossPersistenceUnit" />
		<property name="jpaVendorAdapter" ref="jpaVendorAdapter" />
		<property name="jpaDialect">
			<bean class="org.springframework.orm.jpa.vendor.HibernateJpaDialect" />
		</property>
		<property name="loadTimeWeaver">
			<bean
				class="org.springframework.instrument.classloading.InstrumentationLoadTimeWeaver" />
		</property>
	</bean>

	<bean id="jpaVendorAdapter"
		class="org.springframework.orm.jpa.vendor.HibernateJpaVendorAdapter">
		<property name="showSql" value="true" />
		<property name="databasePlatform" value="org.hibernate.dialect.DB2Dialect" />
		<property name="database" value="DB2" />
	</bean>

	<!-- entityManagerFactory bean configuration -->

	<!-- <jee:jndi-lookup id="cpossJndi" jndi-name="persistence/cpossPersistenceUnit"></jee:jndi-lookup> -->

	<bean id="transactionManager" class="org.springframework.orm.jpa.JpaTransactionManager">
		<property name="entityManagerFactory" ref="entityManagerFactory" />
	</bean>


</beans>
	