<metadata>
  <groupId>hsqldb</groupId>
  <artifactId>hsqldb</artifactId>
  <version>1.8.0.10</version>
  <versioning>
    <versions>
      <version>1.6.1</version>
      <version>1.7.0</version>
      <version>1.7.1</version>
      <version>1.7.2-alpha</version>
      <version>1.7.2-rc1</version>
      <version>1.7.2</version>
      <version>1.7.2.2</version>
      <version>1.7.3.0</version>
      <version>1.7.3.3</version>
      <version>1.8.0.1</version>
      <version>1.8.0.4</version>
      <version>1.8.0.7</version>
      <version>1.8.0.10</version>
    </versions>
  </versioning>
</metadata>
