<?xml version="1.0" encoding="UTF-8"?>
<metadata xsi:schemaLocation="http://maven.apache.org/METADATA/1.0.0 http://maven.apache.org/xsd/metadata-1.0.0.xsd" xmlns="http://maven.apache.org/METADATA/1.0.0"
    xmlns:xsi="http://www.w3.org/2001/XMLSchema-instance">
  <groupId>javax.inject</groupId>
  <artifactId>com.springsource.javax.inject</artifactId>
  <version>1.0.0</version>
  <versioning>
    <versions>
      <version>1.0.0</version>
    </versions>
    <lastUpdated>20110119181043</lastUpdated>
  </versioning>
</metadata>
