<?xml version="1.0"?>
<!DOCTYPE hibernate-mapping PUBLIC "-//Hibernate/Hibernate Mapping DTD 3.0//EN"
"http://hibernate.sourceforge.net/hibernate-mapping-3.0.dtd">
<!-- Generated Feb 2, 2010 5:00:25 PM by Hibernate Tools 3.2.4.GA -->
<hibernate-mapping>
    <class name="gov.ca.dmv.ease.bo.code.impl.CodeSet" table="VSSM043U_CODE_SET">
        <id name="id" type="java.lang.Long" access="field">
            <column name="SYS_ID" />
            <generator class="sequence">
                <param name="sequence">SSM043_CODE_SET_SEQ</param>
            </generator>
        </id>
        <property name="createdBy" type="java.lang.String" access="field">
            <column name="CREATOR_ID" length="31" not-null="true" />
        </property>
        <property name="createdDate" type="timestamp" access="field">
            <column name="CREATE_TSTAMP" not-null="true" />
        </property>
        <property name="modifiedBy" type="java.lang.String" access="field">
            <column name="MODIFIED_BY" length="31" not-null="true" />
        </property>
        <property name="modifiedDate" type="timestamp" access="field">
            <column name="MODIFIED_TSTAMP" not-null="true" />
        </property>
        <bag name="codeSetElements" table="VSSM044U_CODE_SET_CODE_SET_ELMT" inverse="false" lazy="false" cascade="all" fetch="join">
            <key>
                <column name="CODE_SET_SYSID" not-null="true" />
            </key>
            <many-to-many entity-name="gov.ca.dmv.ease.bo.code.impl.CodeSetElement">
                <column name="CODE_SET_ELMT_SYSID" not-null="true" />
            </many-to-many>
        </bag>
        <property name="codeSetName" type="java.lang.String" access="field">
            <column name="CODE_NME" length="31" />
        </property>
        <property name="effectiveDate" type="java.util.Date" access="field">
            <column name="EFFECTIVE_DT" />
        </property>
        <property name="endDate" type="java.util.Date" access="field">
            <column name="END_DT" />
        </property>
    </class>
</hibernate-mapping>
