<?xml version="1.0"?>
<!DOCTYPE hibernate-mapping PUBLIC "-//Hibernate/Hibernate Mapping DTD 3.0//EN"
"http://hibernate.sourceforge.net/hibernate-mapping-3.0.dtd">
<!-- Generated Feb 2, 2010 5:00:25 PM by Hibernate Tools 3.2.4.GA -->
<hibernate-mapping>
    <class name="gov.ca.dmv.ease.bo.code.impl.CodeSetElement" table="VSSM032U_CODE_SET_ELMT">
        <id name="id" type="java.lang.Long" access="field">
            <column name="SYS_ID" />
            <generator class="sequence">
                <param name="sequence">SSM032_CODE_SET_ELMT_SEQ</param>
            </generator>
        </id>
        <property name="createdBy" type="java.lang.String" access="field">
            <column name="CREATOR_ID" length="31" not-null="true" />
        </property>
        <property name="createdDate" type="timestamp" access="field">
            <column name="CREATE_TSTAMP" not-null="true" />
        </property>
        <property name="modifiedBy" type="java.lang.String" access="field">
            <column name="MODIFIED_BY" length="31" not-null="true" />
        </property>
        <property name="modifiedDate" type="timestamp" access="field">
            <column name="MODIFIED_TSTAMP" not-null="true" />
        </property>
        <property name="code" type="java.lang.String" access="field">
            <column name="CODE_ID" length="31" not-null="true" />
        </property>
        <property name="codeCategory" type="java.lang.String" access="field">
            <column name="CODE_CATEGORY" length="31" not-null="true" />
        </property>
        <property name="description" type="java.lang.String" access="field">
            <column name="CODE_DESC" length="50" not-null="true" />
        </property>
        <property name="effectiveDate" type="java.util.Date" access="field">
            <column name="EFFECTIVE_DT" />
        </property>
        <property name="endDate" type="java.util.Date" access="field">
            <column name="END_DT" />
        </property>
        <property name="name" type="java.lang.String" access="field">
            <column name="CODE_NME" length="25" not-null="true" />
        </property>
    </class>
</hibernate-mapping>
