<?xml version="1.0"?>
<!DOCTYPE hibernate-mapping PUBLIC "-//Hibernate/Hibernate Mapping DTD 3.0//EN"
"http://hibernate.sourceforge.net/hibernate-mapping-3.0.dtd">
<!-- Generated Feb 2, 2010 5:00:25 PM by Hibernate Tools 3.2.4.GA -->
<hibernate-mapping>
    <class name="gov.ca.dmv.ease.bo.admin.impl.Employee" table="VSSM026U_EMPLOYEE_A">
        <id name="id" type="java.lang.Long" access="field">
            <column name="SYS_ID" />
            <generator class="sequence">
                <param name="sequence">SSM026_EMPLOYEE_SEQ</param>
            </generator>
        </id>
        <property name="createdBy" type="java.lang.String" access="field">
            <column name="CREATOR_ID" length="31" not-null="true" />
        </property>
        <property name="createdDate" type="timestamp" access="field">
            <column name="CREATE_TSTAMP" not-null="true" />
        </property>
        <property name="modifiedBy" type="java.lang.String" access="field">
            <column name="MODIFIED_BY" length="31" not-null="true" />
        </property>
        <property name="modifiedDate" type="timestamp" access="field">
            <column name="MODIFIED_TSTAMP" not-null="true" />
        </property>
        <property name="employeeTechId" type="java.lang.String" access="field">
            <column name="TECH_ID" length="2" not-null="true" />
        </property>        
        <property name="officeId" type="java.lang.String" access="field">
            <column name="OFFICE_ID" length="3" not-null="true" />
        </property>
     </class>
</hibernate-mapping>
