<?xml version="1.0" encoding="UTF-8"?>
<beans xmlns="http://www.springframework.org/schema/beans"
	xmlns:xsi="http://www.w3.org/2001/XMLSchema-instance"
	xmlns:aop="http://www.springframework.org/schema/aop"
	xsi:schemaLocation="http://www.springframework.org/schema/beans http://www.springframework.org/schema/beans/spring-beans-2.5.xsd
	http://www.springframework.org/schema/aop http://www.springframework.org/schema/aop/spring-aop-2.5.xsd">

<!--	<bean id="parentValidationRule" abstract="true">-->
<!--		<description>Place to inject error collector</description>-->
<!--		<property name="errorCollector" ref="errorCollector" />-->
<!--		<property name="actionsRegistry" ref="actionsRegistry" />-->
<!--	</bean>-->

	<bean id="errorCollector" class="gov.ca.dmv.ease.fw.error.impl.ErrorCollector" scope="request">
		<aop:scoped-proxy/>
	</bean>

</beans>	