<?xml version="1.0" encoding="UTF-8"?>
<beans xmlns="http://www.springframework.org/schema/beans"
	xmlns:xsi="http://www.w3.org/2001/XMLSchema-instance"
	xsi:schemaLocation="http://www.springframework.org/schema/beans http://www.springframework.org/schema/beans/spring-beans-2.5.xsd">

	<bean id="parentActivity" abstract="true">
		<description>Place to inject common properties</description>
		<property name="processRegistry" ref="processRegistry" />
		<property name="transactionTypeRegistry" ref="transactionTypeRegistry" />
		<property name="actionsRegistry" ref="actionsRegistry" />
	</bean>

	<bean id="interactionActivity" parent="parentActivity" abstract="true">
		<description>All the interaction activity bean mapping should extend this activity</description>
	</bean>

	<bean id="StartActivity" class="gov.ca.dmv.ease.app.activity.impl.StartActivity"
		parent="parentActivity" scope="prototype" lazy-init="true" />
		
	<bean id="InclusionSubprocessActivity" class="gov.ca.dmv.ease.app.activity.impl.InclusionSubprocessActivity"
		parent="parentActivity" scope="prototype" lazy-init="true" abstract="true"/>
	
	<bean id="ContinuationSubprocessActivity" class="gov.ca.dmv.ease.app.activity.impl.ContinuationSubprocessActivity"
		parent="parentActivity" scope="prototype" lazy-init="true" abstract="true"/>
	
	<bean id="EndActivity" class="gov.ca.dmv.ease.app.activity.impl.EndActivity"
		parent="parentActivity" scope="prototype" lazy-init="true" />
		
</beans>