<?xml version="1.0" encoding="UTF-8"?>
<beans xmlns="http://www.springframework.org/schema/beans"
	xmlns:xsi="http://www.w3.org/2001/XMLSchema-instance" xmlns:util="http://www.springframework.org/schema/util"
	xsi:schemaLocation="http://www.springframework.org/schema/beans http://www.springframework.org/schema/beans/spring-beans-2.5.xsd http://www.springframework.org/schema/util http://www.springframework.org/schema/util/spring-util-2.5.xsd">
	
	<!-- Roles -->
	<util:map id="DL_CASHIER" map-class="java.util.LinkedHashMap">
		<!-- transaction Category for  DL_CASHIER -->
		<entry key="DLA-TTC" value="DLA,DLC,DLD,DLE,DLP,DRT" />
		<entry key="ICA-TTC" value="IDA,IDC,IDP,IDS,IRT" />
		<entry key="VSL-TTC" value="SPC,SPD,SPO,SPR,SRX" />
		<entry key="CDA-TTC" value="CDA" />
		<entry key="MFC-TTC" value="04M,06M,07M,12M,13M,14M,20M,92M,98M,DIR" />
		<entry key="MDR-TTC" value="05M,22M,30U,60U,69U,70U,FCP" />
		<entry key="IIP-TTC" value="07Q,10Q,OLI" />
	</util:map>	
		
	<util:map id="DL_CORRECTIONS" map-class="java.util.LinkedHashMap">
		<entry key="DLA-TTC" value="DLP,DRT" />
		<entry key="ICA-TTC" value="IDP,IRT" />
		<entry key="CDA-TTC" value="CDA" />
		<entry key="MDR-TTC" value="05M,22M,30U,60U,69U,70U,FCP" />
		<entry key="IIP-TTC" value="07Q,10Q,OLI" />
	</util:map>		
	
	<util:map id="DL_COUNSELOR" map-class="java.util.LinkedHashMap">
		<entry key="DLA-TTC" value="DLP,DRT" />
		<entry key="ICA-TTC" value="IDP,IRT" />
		<entry key="CDA-TTC" value="CDA" />
		<entry key="MDR-TTC" value="05M,22M,30U,60U,69U,70U,FCP,PRF" />
		<entry key="IIP-TTC" value="07Q,10Q,OLI" />
	</util:map>		
	
	<util:map id="DL_CAMERA" map-class="java.util.LinkedHashMap">
		<entry key="DAF-TTC" value="DAF" />
	</util:map>
	
	<util:map id="DL_ISSUANCE" map-class="java.util.LinkedHashMap">
		<entry key="DLA-TTC" value="DLA,DLC,DLD,DLE,DLP,DRT" />
		<entry key="ICA-TTC" value="IDA,IDC,IDP,IDS,IRT" />	
		<entry key="CDA-TTC" value="CDA" />
		<entry key="MDR-TTC" value="05M,22M,30U,69U,70U" />
		<entry key="IIP-TTC" value="07Q,10Q,OLI" />
		<entry key="DAF-TTC" value="DAF" />
	</util:map>	
	
	<util:map id="DL_ALL" map-class="java.util.LinkedHashMap">
		<entry key="DLA-TTC" value="DLA,DLC,DLD,DLE,DLP,DRT" />
		<entry key="ICA-TTC" value="IDA,IDC,IDP,IDS,IRT" />
		<entry key="VSL-TTC" value="SPC,SPD,SPO,SPR,SRX" />
		<entry key="CDA-TTC" value="CDA" />
		<entry key="MFC-TTC" value="04M,06M,07M,12M,13M,14M,20M,92M,98M,DIR" />
		<entry key="MDR-TTC" value="05M,22M,30U,60U,69U,70U,FCP,PRF" />
		<entry key="IIP-TTC" value="07Q,10Q,OLI" />
		<entry key="DAF-TTC" value="DAF" />
	</util:map>	
	
	<util:map id="DL_APU" map-class="java.util.LinkedHashMap">
		<!-- empty -->
	</util:map>	
	<util:map id="INV_HQ_SERVICES" map-class="java.util.LinkedHashMap">
		<!-- empty -->
	</util:map>	
	<util:map id="ISS_HQ_SERVICES" map-class="java.util.LinkedHashMap">
		<!-- empty -->
	</util:map>							
</beans>