<?xml version="1.0" encoding="UTF-8"?>
<beans xmlns="http://www.springframework.org/schema/beans"
	xmlns:xsi="http://www.w3.org/2001/XMLSchema-instance" xmlns:util="http://www.springframework.org/schema/util"
	xsi:schemaLocation="http://www.springframework.org/schema/beans http://www.springframework.org/schema/beans/spring-beans-2.5.xsd http://www.springframework.org/schema/util http://www.springframework.org/schema/util/spring-util-2.5.xsd">
	
	<!-- OFFICE_BUSINESS: Retrieve office authorized ttcs -->
	<util:map id="OID_100" map-class="java.util.LinkedHashMap">
		<entry key="DLA-TTC" value="DLA,DLC,DLD,DLE,DLP,DRT" />
		<entry key="ICA-TTC" value="IDA,IDC,IDP,IDS,IRT" />
		<entry key="VSL-TTC" value="SPC,SPD,SPO,SPR,SRX" />
		<entry key="CDA-TTC" value="CDA" />
		<entry key="MFC-TTC" value="04M,06M,07M,12M,13M,14M,20M,92M,98M" />
		<entry key="MDR-TTC" value="05M,22M,30U,60U,69U,70U,FCP" />
		<entry key="IIP-TTC" value="07Q,10Q,OLI" />
	</util:map>
	<util:map id="OID_200" map-class="java.util.LinkedHashMap">
		<entry key="DLA-TTC" value="DLA,DLC,DLD,DLE,DLP,DRT" />
		<entry key="ICA-TTC" value="IDA,IDC,IDP,IDS,IRT" />
		<entry key="VSL-TTC" value="SPC,SPD,SPO,SPR,SRX" />
		<entry key="CDA-TTC" value="CDA" />
		<entry key="MFC-TTC" value="04M,06M,07M,12M,13M,14M,20M,92M,98M" />
		<entry key="MDR-TTC" value="05M,22M,30U,60U,69U,70U,FCP" />
		<entry key="IIP-TTC" value="07Q,10Q,OLI" />
	</util:map>				
</beans>