<?xml version="1.0" encoding="UTF-8"?>
<beans xmlns="http://www.springframework.org/schema/beans"
	xmlns:xsi="http://www.w3.org/2001/XMLSchema-instance" xmlns:util="http://www.springframework.org/schema/util"
	xsi:schemaLocation="http://www.springframework.org/schema/beans http://www.springframework.org/schema/beans/spring-beans-2.5.xsd http://www.springframework.org/schema/util http://www.springframework.org/schema/util/spring-util-2.5.xsd">
		
	<!-- OFFICE_BUSINESS: Retrieve office processing allowed -->
	<util:map id="OID_PROCESSING_ALLOWED_010" map-class="java.util.LinkedHashMap">
		<entry key="1" value="DL_PROCESSING" />
		<entry key="2" value="DL_ANI_INQUIRY" />
		<entry key="3" value="DL_STOP_CONDITION_OVERRIDE" />			
	</util:map>
	<util:map id="OID_PROCESSING_ALLOWED_068" map-class="java.util.LinkedHashMap">					
	</util:map>
	<util:map id="OID_PROCESSING_ALLOWED_072" map-class="java.util.LinkedHashMap">		
	</util:map>	
	<util:map id="OID_PROCESSING_ALLOWED_075" map-class="java.util.LinkedHashMap">		
	</util:map>
	<util:map id="OID_PROCESSING_ALLOWED_162" map-class="java.util.LinkedHashMap">		
		<entry key="2" value="DL_STOP_CONDITION_OVERRIDE" />
		<entry key="3" value="DL_ANI_INQUIRY" />			
	</util:map>
	<util:map id="OID_PROCESSING_ALLOWED_201" map-class="java.util.LinkedHashMap">							
	</util:map>		
	<util:map id="OID_PROCESSING_ALLOWED_212" map-class="java.util.LinkedHashMap">
		<entry key="1" value="DL_PROCESSING" />		
		<entry key="2" value="DL_STOP_CONDITION_OVERRIDE" />
		<entry key="3" value="DL_ANI_INQUIRY" />						
	</util:map>
	<util:map id="OID_PROCESSING_ALLOWED_223" map-class="java.util.LinkedHashMap">
		<entry key="2" value="DL_STOP_CONDITION_OVERRIDE" />
		<entry key="3" value="DL_ANI_INQUIRY" />					
	</util:map>
	<util:map id="OID_PROCESSING_ALLOWED_225" map-class="java.util.LinkedHashMap">
		<entry key="1" value="DL_PROCESSING" />		
		<entry key="2" value="DL_STOP_CONDITION_OVERRIDE" />
		<entry key="3" value="DL_ANI_INQUIRY" />							
	</util:map>	
	<util:map id="OID_PROCESSING_ALLOWED_230" map-class="java.util.LinkedHashMap">
		<entry key="1" value="DL_PROCESSING" />		
		<entry key="2" value="DL_STOP_CONDITION_OVERRIDE" />
		<entry key="3" value="DL_ANI_INQUIRY" />							
	</util:map>
	<util:map id="OID_PROCESSING_ALLOWED_232" map-class="java.util.LinkedHashMap">
		<entry key="1" value="DL_PROCESSING" />		
		<entry key="2" value="DL_STOP_CONDITION_OVERRIDE" />
		<entry key="3" value="DL_ANI_INQUIRY" />					
	</util:map>
	<util:map id="OID_PROCESSING_ALLOWED_310" map-class="java.util.LinkedHashMap">					
	</util:map>		
	<util:map id="OID_PROCESSING_ALLOWED_138" map-class="java.util.LinkedHashMap">
		<entry key="1" value="DL_PROCESSING" />		
		<entry key="3" value="DL_ANI_INQUIRY" />							
	</util:map>		
</beans>