<?xml version="1.0" encoding="UTF-8"?>
<beans xmlns="http://www.springframework.org/schema/beans"
	xmlns:xsi="http://www.w3.org/2001/XMLSchema-instance"
	xsi:schemaLocation="http://www.springframework.org/schema/beans http://www.springframework.org/schema/beans/spring-beans-2.5.xsd">

	<bean id="SpringUtils" class="gov.ca.dmv.ease.fw.util.SpringUtils" />

	<!--
		This bean allows us to have a resource bundle that holds our
		internationalized messages
	-->
	<bean id="messages"
		class="org.springframework.context.support.ResourceBundleMessageSource">
		<property name="basename">
			<value>error</value>
		</property>
	</bean>

	<!--
		This bean allows us to have a resource bundle that holds mapping
		between panels and interaction activities.
	-->
	<bean id="panels"
		class="org.springframework.context.support.ResourceBundleMessageSource">
		<property name="basename">
			<value>panels</value>
		</property>
	</bean>
	

		
	<!--
		This bean allows us to have a resource bundle that holds http session listener resources
	-->
	<bean id="listenerProperties"
		class="org.springframework.context.support.ResourceBundleMessageSource">
		<property name="basename">
			<value>easeListener</value>
		</property>
	</bean>
	
	<!-- Infocodes for ANI -->
	<bean id="aniVrInfoCodes" class="java.util.TreeMap" scope="singleton">
		<constructor-arg>
			<map key-type="java.lang.String" value-type="java.lang.String">
				<entry key="3P">
					<value>3P</value>
				</entry>
				<entry key="3C">
					<value>3C</value>
				</entry>
				<entry key="VP">
					<value>VP</value>
				</entry>
				<entry key="VC">
					<value>VC</value>
				</entry>
			</map>
		</constructor-arg>
	</bean>

	<!-- Infocodes for DL -->
	<bean id="dlCodes" class="java.util.TreeMap" scope="singleton">
		<constructor-arg>
			<map key-type="java.lang.String" value-type="java.lang.String[]">
				<entry key="DA1">
					<value>A0, A2, A1, A2, A3, A4, A5, B2, B3, B4, B5</value>
				</entry>
				<entry key="DAD">
					<value>G1, G2, G3, G4, G5, G0, H2, H3, H4, H5, H6, H7, H8
					</value>
				</entry>
				<entry key="DA2">
					<value>C1, C2, D1, D2</value>
				</entry>
				<entry key="DA8">
					<value>F1, F2</value>
				</entry>
				<entry key="DAF">
					<value>K1, K2, K0</value>
				</entry>
				<entry key="DAK">
					<value>K1, K2, K0</value>
				</entry>
				<entry key="DF1">
					<value>J1, J2, J3, J4, J5, J6, J7, J8, J9, J0, JA, JB, JD, JE,
						JF, JG, JH, JJ, JK, </value>
				</entry>
			</map>
		</constructor-arg>
	</bean>

	<!-- DL invalid Prefix  -->
	<bean id="prefix" class="java.util.TreeMap" scope="singleton">
		<constructor-arg>
			<map key-type="java.lang.String" value-type="java.lang.String">
				<entry key="L">
					<value>L</value>
				</entry>
				<entry key="O">
					<value>O</value>
				</entry>
				<entry key="Q">
					<value>Q</value>
				</entry>
				<entry key="T">
					<value>T</value>
				</entry>
			</map>
		</constructor-arg>
	</bean>

	<!-- Info codes for VR Inquiry-->
	<bean id="vrInfoCodes" class="java.util.TreeMap" scope="singleton">
		<constructor-arg>
			<map key-type="java.lang.String" value-type="java.lang.String[]">
				<entry key="R60">
					<value>0, 1, 2, 3, 4, 8</value>
				</entry>
				<entry key="R67">
					<value>A, B, C, D, E, F, G, H, J, K, L, M, N, P, R, S, T, U, V, W</value>
				</entry>
				<entry key="P61">
					<value>0, 1, 2, 3, 4, 8, A, B, C, D, E, F, G, H, J, K, L, M, N, P, R, S, T, U, V, W</value>
				</entry>
			</map>
		</constructor-arg>
	</bean>
	<!-- Info codes for VIN Inquiry -->
	<bean id="vinInfoCodes" class="java.util.TreeMap" scope="singleton">
		<constructor-arg>
			<map key-type="java.lang.String" value-type="java.lang.String[]">
				<entry key="R60">
					<value>0, 1, 2, 3, 4, 8</value>
				</entry>
			</map>
		</constructor-arg>
	</bean>
	<!-- Group codes for VIN -->
	<bean id="vinGroupCodes" class="java.util.TreeMap" scope="singleton">
		<constructor-arg>
			<map key-type="java.lang.String" value-type="java.lang.String[]">
				<entry key="R60">
					<value>01, 02, 03, 04, 05, 06, 07, 08, 09, 10, 11, 12, 13, 14, 15, 16, 17, 18</value>
				</entry>
			</map>
		</constructor-arg>
	</bean>
</beans>	