<?xml version="1.0" encoding="UTF-8"?>
<beans xmlns="http://www.springframework.org/schema/beans"
	xmlns:xsi="http://www.w3.org/2001/XMLSchema-instance"
	xsi:schemaLocation="http://www.springframework.org/schema/beans http://www.springframework.org/schema/beans/spring-beans-2.5.xsd ">

	<bean id="easeApplicationContext" class="gov.ca.dmv.ease.app.context.impl.EaseApplicationContext"
		lazy-init="false">
		<description>This bean is deprecated. Please avoid using
			applicationContext in EASE application or framework. If you need any
			bean please inject the required beans</description>
	</bean>

	<bean id="businessObjectInterceptor"
		class="gov.ca.dmv.ease.tus.persist.util.impl.BusinessObjectInterceptor">
		<description>Interceptor to update common columns of a
			table like
			created_at, modified_by etc</description>
	</bean>

	<bean id="baseSessionFactory" abstract="true">
		<description>Base session factory used in both development/unit
			test and
			production environment</description>
		<property name="mappingLocations">
			<list>
				<value>classpath:hibernate-xml-mapping/*.hbm.xml
				</value>
			</list>
		</property>
		<property name="entityInterceptor" ref="businessObjectInterceptor" />
	</bean>

	<bean id="sessionFactory"
		class="org.springframework.orm.hibernate3.LocalSessionFactoryBean"
		parent="baseSessionFactory" lazy-init="true">
		<description>Session Factory for production use. This extends
			baseSessionFactory. Sessions from this factory talks to DB2
		</description>
		<property name="configLocation">
			<value>classpath:hibernate.cfg.xml</value>
		</property>
	</bean>

	<bean id="developmentSessionFactory"
		class="org.springframework.orm.hibernate3.LocalSessionFactoryBean"
		parent="baseSessionFactory" lazy-init="true">
		<description>Session Factory for development use. This extends
			baseSessionFactory.
			Sessions from this factory talks to HSQLDB
		</description>
		<property name="configLocation">
			<value>classpath:hibernate-hsqldb.cfg.xml
			</value>
		</property>
	</bean>

	<bean id="persistenceService"
		class="gov.ca.dmv.ease.tus.persist.service.impl.PersistenceService"
		lazy-init="false">
		<description>EASE Persistence service. If you want to use test
			environment please change the "ref" from "sessionFactory" to
			"developmentSessionFactory"</description>
		<property name="sessionFactory" ref="sessionFactory" />
	</bean>

	<bean id="persistenceServiceRequestFactory"
		class="gov.ca.dmv.ease.tus.persist.request.factory.impl.PersistenceServiceRequestFactory"
		lazy-init="false">
		<description>Request Factory of Persistence Service. Use this
			bean for
			creating instance of a request type</description>
			<!--<property name="persistenceService" ref="persistenceService" />-->
	</bean>

	<!-- Serializer bean is commented because it's creation is de-springified -->
	<!--
	<bean id="serializer"
		class="gov.ca.dmv.ease.tus.persist.util.impl.Serializer">
		<description>Serializes, tests, and deserializes objects</description>
		<property name="maxTreeDepth">
			 -1 negates function, 0 only root class, 1 or more traverses tree 
        	<value>1</value>
        </property>
		<property name="expandOnSerializable">
        	<value>false</value>
        </property>
		<property name="maxBlobSize">
        	<value>102400</value>
        </property>
	</bean>
	-->
	
	<bean id="compositePrintRequest"
		class="gov.ca.dmv.ease.tus.print.request.impl.CompositePrintRequest"
		scope="prototype">
				<description>Composite Print Request. Handles multiple print request
				at the same time.</description>
				<constructor-arg index="0" ref="userContext"/>
	</bean>
	
	<bean id="authAndAuthService"
		class="gov.ca.dmv.ease.tus.auth.service.impl.AuthAndAuthService"
        scope="singleton" lazy-init="true">
            <description>authentication and authorization Service bean</description>
            <property name="webxmlLocations">
            	<list>
	            	<value>../EASEDriversLicense/WEB-INF/web.xml</value>
            	</list>
            </property>
            <!-- enable this property to override pulling from the web.xml -->
            <property name="serverRoles">
            	<list>
            		<value>DL_CASHIER</value>
            		<value>DL_CORRECTIONS</value>
            		<value>DL_COUNSELOR</value>
            		<value>DL_CAMERA</value>
            		<value>DL_ISSUANCE</value>
            		<value>DL_NO_UPDATE</value>
            		<value>DL_APU</value>
            		<value>INV_HQ_SERVICES</value>
            		<value>ISS_HQ_SERVICES</value>
            	</list>
            </property>
            <property name="operationalModes">
				<map key-type="java.lang.String" value-type="java.lang.String">
					<entry key="C">
						<value>Counter</value>
					</entry>
					<entry key="M">
						<value>Manual</value>
					</entry>
					<entry key="P">
						<value>Mail</value>
					</entry>
					<entry key="T">
						<value>Travel Crew</value>
					</entry>
				</map>
            </property>
    </bean>
    
    <bean id="officeBusinessService"
		class="gov.ca.dmv.ease.tus.office.business.service.impl.OfficeBusinessService"
        scope="singleton" lazy-init="true">
            <description>office business service bean</description>            
    </bean>
    
	<bean id="cdlisPdpsProperties"
		class="org.springframework.context.support.ResourceBundleMessageSource">
		<property name="basename">
			<value>cdlisPdps</value>
		</property>
	</bean>
	<bean id="logMessageProcessor"
		class="gov.ca.dmv.ease.fw.journaling.impl.HibernateLogProcessor">		
	</bean>	
</beans>	
