<?xml version="1.0" encoding="UTF-8"?>
<beans xmlns="http://www.springframework.org/schema/beans"
	xmlns:xsi="http://www.w3.org/2001/XMLSchema-instance"
	xsi:schemaLocation="http://www.springframework.org/schema/beans http://www.springframework.org/schema/beans/spring-beans-2.5.xsd">

	<bean id="action" class="gov.ca.dmv.ease.app.action.impl.Action"
		abstract="true" />
	<bean id="enterAction" parent="action" scope="singleton">
		<property name="key" value="enter" />
		<property name="name" value="Enter" />
	</bean>
	<bean id="customerCopyAction" parent="action" scope="singleton">
		<property name="key" value="customer_copy" />
		<property name="name" value="CustomerCopy" />
	</bean>
	
	<bean id="cancelAction" parent="action" scope="singleton">
		<property name="key" value="cancel" />
		<property name="name" value="Cancel" />
		<property name="byPassValidations" value="true" />
	</bean>
	<bean id="cnaBypassAction" parent="action" scope="singleton">
		<property name="key" value="cnabypass" />
		<property name="name" value="CnaBypass" />
		<property name="enabled" value="false" />
		<property name="cnaBypassAction" value="true" />
	</bean>
	<bean id="receiptOnlyAction" parent="action" scope="singleton">
		<property name="key" value="receiptonly" />
		<property name="name" value="ReceiptOnly" />
	</bean>

	<bean id="counselorInqAction" parent="action" scope="singleton">
		<property name="key" value="counselorinq" />
		<property name="name" value="CounselorInq" />
	</bean>
	<bean id="counselorReferralAction" parent="action" scope="singleton">
		<property name="key" value="counselorreferral" />
		<property name="name" value="CounselorReferral" />
	</bean>
	<bean id="exitAction" parent="action" scope="singleton">
		<property name="key" value="exit" />
		<property name="name" value="Exit" />
	</bean>
	<bean id="fallbackAction" parent="action" scope="singleton">
		<property name="key" value="fallback" />
		<property name="name" value="Fallback" />
	</bean>
	<bean id="feeDetailAction" parent="action" scope="singleton">
		<property name="key" value="fee_detail" />
		<property name="name" value="FeeDetail" />
	</bean>
	<bean id="ignoreAction" parent="action" scope="singleton">
		<property name="key" value="ignore" />
		<property name="name" value="Ignore" />
	</bean>
	<bean id="noMoreTriesAction" parent="action" scope="singleton">
		<property name="key" value="no_more_tries" />
		<property name="name" value="NoMoreTries" />
	</bean>
	<bean id="moreNamesAction" parent="action" scope="singleton">
		<property name="key" value="more_names" />
		<property name="name" value="MoreNames" />
	</bean>
	<bean id="printAction" parent="action" scope="singleton">
		<property name="key" value="print" />
		<property name="name" value="Print" />
	</bean>
	<bean id="printAllAction" parent="action" scope="singleton">
		<property name="key" value="print_all" />
		<property name="name" value="PrintAll" />
	</bean>
	<bean id="rdfAction" parent="action" scope="singleton">
		<property name="key" value="rdf" />
		<property name="name" value="Rdf" />
	</bean>
	<bean id="reprintAction" parent="action" scope="singleton">
		<property name="key" value="reprint" />
		<property name="name" value="Reprint" />
		<property name="byPassValidations" value="true" />
	</bean>

	<bean id="resetModeAction" parent="action" scope="singleton">
		<property name="key" value="reset_mode" />
		<property name="name" value="ResetMode" />
	</bean>
	<bean id="restartAction" parent="action" scope="singleton">
		<property name="key" value="restart" />
		<property name="name" value="Restart" />
		<property name="byPassValidations" value="true" />
	</bean>
	<bean id="restartWithValidationAction" parent="action" scope="singleton">
		<property name="key" value="restart_with_validation" />
		<property name="name" value="Restart" />
	</bean>
	
	<bean id="browseWithoutValidationAction" parent="action" scope="singleton">
		<property name="key" value="browse_without_validation" />
		<property name="name" value="Browse" />
		<property name="byPassValidations" value="true" />
	</bean>
	
	<bean id="reviewMessagesAction" parent="action" scope="singleton">
		<property name="key" value="review_messages" />
		<property name="name" value="ReviewMessages" />
	</bean>
	<bean id="signOffAction" parent="action" scope="singleton">
		<property name="key" value="sign_off" />
		<property name="name" value="SignOff" />
	</bean>
	<bean id="startClockAction" parent="action" scope="singleton">
		<property name="key" value="start_clock" />
		<property name="name" value="StartClock" />
	</bean>
	<bean id="dataBaseStatusAction" parent="action" scope="singleton">
		<property name="key" value="data_base_status" />
		<property name="name" value="DatabaseStatus" />
	</bean>
	<bean id="suspenseAction" parent="action" scope="singleton">
		<property name="key" value="suspense" />
		<property name="name" value="Suspense" />
	</bean>
	<bean id="collectDataAction" parent="action" scope="singleton">
		<property name="key" value="collect_data" />
		<property name="name" value="CollectData" />
	</bean>
	<bean id="updatePendingAction" parent="action" scope="singleton">
		<property name="key" value="update_pending" />
		<property name="name" value="UpdatePending" />
	</bean>
	<bean id="correctionsAction" parent="action" scope="singleton">
		<property name="key" value="corrections" />
		<property name="name" value="Corrections" />
	</bean>
	<bean id="dafUpdateAction" parent="action" scope="singleton">
		<property name="key" value="daf_update" />
		<property name="name" value="DafUpdate" />
	</bean>
	<bean id="printTestResultsAction" parent="action" scope="singleton">
		<property name="key" value="print_test_results" />
		<property name="name" value="PrintTestResults" />
	</bean>
	<bean id="browseAction" parent="action" scope="singleton">
		<property name="key" value="browse" />
		<property name="name" value="Browse" />
	</bean>
	<bean id="displayction" parent="action" scope="singleton">
		<property name="key" value="display" />
		<property name="name" value="Display" />
	</bean>
	<bean id="updateAllAction" parent="action" scope="singleton">
		<property name="key" value="update_all" />
		<property name="name" value="UpdateAll" />
	</bean>
	<bean id="purgeAction" parent="action" scope="singleton">
		<property name="key" value="purge" />
		<property name="name" value="Purge" />
	</bean>
	<bean id="browseFwdAction" parent="action" scope="singleton">
		<property name="key" value="browse_fwd" />
		<property name="name" value="BrowseFwd" />
	</bean>
	<bean id="browseBwdAction" parent="action" scope="singleton">
		<property name="key" value="browse_bwd" />
		<property name="name" value="BrowseBwd" />
	</bean>
	<bean id="displayNextAction" parent="action" scope="singleton">
		<property name="key" value="display_next" />
		<property name="name" value="DisplayNext" />
	</bean>
	<bean id="retainDataAction" parent="action" scope="singleton">
		<property name="key" value="retain_data" />
		<property name="name" value="RetainData" />
	</bean>
	<bean id="anotherFormAction" parent="action" scope="singleton">
		<property name="key" value="another_form" />
		<property name="name" value="AnotherForm" />
	</bean>
	<bean id="modifyAppInfoAction" parent="action" scope="singleton">
		<property name="key" value="modify_app_info" />
		<property name="name" value="ModifyAppInfo" />
		<property name="byPassValidations" value="true" />
	</bean>
	<bean id="updateOnlyAction" parent="action" scope="singleton">
		<property name="key" value="update_only" />
		<property name="name" value="UpdateOnly" />
	</bean>
	<bean id="additionalRecordAction" parent="action" scope="singleton">
		<property name="key" value="additional_record" />
		<property name="name" value="AdditionalRecord" />
	</bean>
	<bean id="anotherCoAction" parent="action" scope="singleton">
		<property name="key" value="another_co" />
		<property name="name" value="AnotherCo" />
	</bean>
	<bean id="anotherTryAction" parent="action" scope="singleton">
		<property name="key" value="another_try" />
		<property name="name" value="AnotherTry" />
	</bean>
	<bean id="payAction" parent="action" scope="singleton">
		<property name="key" value="pay" />
		<property name="name" value="Pay" />
	</bean>
	<bean id="moreActions" parent="action" scope="singleton">
		<property name="key" value="more_actions" />
		<property name="name" value="MoreActions" />
	</bean>
	<bean id="serveAll" parent="action" scope="singleton">
		<property name="key" value="serve_all" />
		<property name="name" value="ServeAll" />
	</bean>
	<bean id="serveAllMoreActions" parent="action" scope="singleton">
		<property name="key" value="serve_all_more_actions" />
		<property name="name" value="ServeAllMoreActions" />
	</bean>
	<bean id="ftaFtp" parent="action" scope="singleton">
		<property name="key" value="fta_ftp" />
		<property name="name" value="FtaFtp" />
	</bean>
	<bean id="moreTries" parent="action" scope="singleton">
		<property name="key" value="more_tries" />
		<property name="name" value="MoreTries" />
	</bean>
	<bean id="newInquiry" parent="action" scope="singleton">
		<property name="key" value="new_inquiry" />
		<property name="name" value="NewInquiry" />
	</bean>
	<bean id="suspense" parent="action" scope="singleton">
		<property name="key" value="suspense" />
		<property name="name" value="Suspense" />
	</bean>
	<bean id="retry" parent="action" scope="singleton">
		<property name="key" value="retry" />
		<property name="name" value="Retry" />
	</bean>
	<bean id="problem" parent="action" scope="singleton">
		<property name="key" value="problem" />
		<property name="name" value="Problem" />
	</bean>	
	<bean id="accumulateFee" parent="action" scope="singleton">
		<property name="key" value="accumulate_fee" />
		<property name="name" value="AccumulateFee" />
		<property name="byPassValidations" value="true" />
	</bean>	
	<bean id="deductFee" parent="action" scope="singleton">
		<property name="key" value="deduct_fee" />
		<property name="name" value="DeductFee" />
		<property name="byPassValidations" value="true" />
	</bean>		
	<bean id="newRequest" parent="action" scope="singleton">
		<property name="key" value="new_request" />
		<property name="name" value="NewRequest" />
	</bean>	
	<bean id="altPrint" parent="action" scope="singleton">
		<property name="key" value="alt_print" />
		<property name="name" value="AltPrint" />
		<property name="byPassValidations" value="true" />		
	</bean>		
	<bean id="actionsRegistry" class="gov.ca.dmv.ease.app.action.impl.ActionsRegistry"
		scope="singleton" lazy-init="false">
		<property name="actions">
			<list>
				<ref bean="enterAction" />
				<ref bean="cancelAction" />
				<ref bean="cnaBypassAction" />
				<ref bean="receiptOnlyAction" />
				<ref bean="counselorInqAction" />
				<ref bean="counselorReferralAction" />
				<ref bean="exitAction" />
				<ref bean="fallbackAction" />
				<ref bean="feeDetailAction" />
				<ref bean="ignoreAction" />
				<ref bean="noMoreTriesAction" />
				<ref bean="moreNamesAction" />
				<ref bean="printAction" />
				<ref bean="printAllAction" />
				<ref bean="rdfAction" />
				<ref bean="reprintAction" />
				<ref bean="resetModeAction" />
				<ref bean="restartAction" />
				<ref bean="restartWithValidationAction" />
				<ref bean="reviewMessagesAction" />
				<ref bean="signOffAction" />
				<ref bean="startClockAction" />
				<ref bean="dataBaseStatusAction" />
				<ref bean="suspenseAction" />
				<ref bean="collectDataAction" />
				<ref bean="updatePendingAction" />
				<ref bean="correctionsAction" />
				<ref bean="dafUpdateAction" />
				<ref bean="printTestResultsAction" />
				<ref bean="browseAction" />
				<ref bean="browseWithoutValidationAction" />				
				<ref bean="displayction" />
				<ref bean="updateAllAction" />
				<ref bean="purgeAction" />
				<ref bean="browseFwdAction" />
				<ref bean="browseBwdAction" />
				<ref bean="displayNextAction" />
				<ref bean="retainDataAction" />
				<ref bean="anotherFormAction" />
				<ref bean="modifyAppInfoAction" />
				<ref bean="customerCopyAction" />
				<ref bean="updateOnlyAction" />
				<ref bean="additionalRecordAction" />
				<ref bean="anotherCoAction" />
				<ref bean="anotherTryAction" />
				<ref bean="payAction" />
				<ref bean="moreActions" />
				<ref bean="serveAll" />
				<ref bean="serveAllMoreActions" />
				<ref bean="ftaFtp" />
				<ref bean="moreTries" />
				<ref bean="newInquiry" />
				<ref bean="suspense" />
				<ref bean="retry" />
				<ref bean="problem" />
				<ref bean="accumulateFee" />
				<ref bean="deductFee" />
				<ref bean="newRequest" />
				<ref bean="altPrint" />
			</list>
		</property>
	</bean>

</beans>	