<?xml version="1.0" encoding="UTF-8"?>
<beans xmlns="http://www.springframework.org/schema/beans"
	xmlns:xsi="http://www.w3.org/2001/XMLSchema-instance" xmlns:context="http://www.springframework.org/schema/context"
	xsi:schemaLocation="http://www.springframework.org/schema/beans http://www.springframework.org/schema/beans/spring-beans-2.5.xsd http://www.springframework.org/schema/context http://www.springframework.org/schema/context/spring-context-2.5.xsd">
	<context:annotation-config default-lazy-init="false" />

	<bean id="springBasedJmsAdaptor" class="gov.ca.dmv.ease.ecs.adaptor.impl.SpringBasedJmsAdaptor">
		<description>EASE implementation of the spring JmsAdaptor. All the
			JMS templates supported by this adaptor are sent in the following map
		</description>
		<!--<constructor-arg index="0" ref="persistenceServiceRequestFactory"></constructor-arg>-->
		<property name="jmsTemplates">
			<map key-type="java.lang.String" value-type="org.springframework.jms.core.JmsTemplate">
				<entry key="syncPersistentSendjmsTemplate" value-ref="syncPersistentSendjmsTemplate" />
				<entry key="syncPersistentRecvjmsTemplate" value-ref="syncPersistentRecvjmsTemplate" />
				<entry key="syncNonPersistentSendjmsTemplate" value-ref="syncNonPersistentSendjmsTemplate" />
				<entry key="syncNonPersistentRecvjmsTemplate" value-ref="syncNonPersistentRecvjmsTemplate" />
				<entry key="asyncPersistentSendjmsTemplate" value-ref="asyncPersistentSendjmsTemplate" />
				<entry key="asyncPersistentRecvjmsTemplate" value-ref="asyncPersistentRecvjmsTemplate" />
				<entry key="logSendJmsTemplate" value-ref="logSendJmsTemplate" />
				<entry key="bridgeDmvaSendjmsTemplate" value-ref="bridgeDmvaSendjmsTemplate" />
				<entry key="syncDocGenerationPersistentSendjmsTemplate"
					value-ref="syncDocGenerationPersistentSendjmsTemplate" />
				<entry key="syncDocGenerationPersistentRecvjmsTemplate"
					value-ref="syncDocGenerationPersistentRecvjmsTemplate" />
				<entry key="dlidL1SendjmsTemplate" value-ref="dlidL1SendjmsTemplate" />
				<entry key="fodiSendJmsTemplate" value-ref="fodiSendJmsTemplate" />
				<entry key="akteSendJmsTemplate" value-ref="akteSendJmsTemplate" />				
				<entry key="vtrSendJmsTemplate" value-ref="vtrSendJmsTemplate" />
			</map>
		</property>
	</bean>
	
	<!--<bean id="ecsService" class="gov.ca.dmv.ease.ecs.impl.EcsService">
		<constructor-arg index="0" ref="persistenceServiceRequestFactory"></constructor-arg>
		<property name="jmsAdaptor" ref="springBasedJmsAdaptor" />
	</bean>-->
	
	<!--<bean id="simplePersistenceService"
		class="gov.ca.dmv.ease.ecs.persist.impl.SimplePersistenceService" />
		
	--><bean id="logRequestFactory"
		class="gov.ca.dmv.ease.ecs.request.factory.impl.LogRequestFactory">
		<!--<property name="ecsService" ref="ecsService" />-->
	</bean>

	<bean id="BRIDGE_REQUEST_FACTORY"
		class="gov.ca.dmv.ease.ecs.request.factory.impl.BridgeRequestFactory"
		scope="singleton" lazy-init="false">
		<description>The BRIDGE Request Factory</description>
		<!--<property name="ecsService" ref="ecsService" />-->
	</bean>
</beans>