<?xml version="1.0" encoding="UTF-8"?>
<beans xmlns="http://www.springframework.org/schema/beans"
	xmlns:xsi="http://www.w3.org/2001/XMLSchema-instance" xmlns:jee="http://www.springframework.org/schema/jee"
	xsi:schemaLocation="
http://www.springframework.org/schema/beans http://www.springframework.org/schema/beans/spring-beans-2.0.xsd
http://www.springframework.org/schema/jee http://www.springframework.org/schema/jee/spring-jee-2.0.xsd">

	<!-- Destination Resolver -->
	<bean id="destinationResolver"
		class="org.springframework.jms.support.destination.JndiDestinationResolver" />

	<!-- SYNC PERSISTENT SEND TEMPLATE -->

	<jee:jndi-lookup id="spqsCF" jndi-name="jms/spqsCF"
		resource-ref="true" />

	<bean id="spqsConnectionFactory"
		class="org.springframework.jms.connection.UserCredentialsConnectionFactoryAdapter">
		<property name="targetConnectionFactory" ref="spqsCF" />
		<property name="username" value=" " />
		<property name="password" value=" " />
	</bean>

	<bean id="syncPersistentSendjmsTemplate" class="org.springframework.jms.core.JmsTemplate">
		<property name="connectionFactory" ref="spqsConnectionFactory" />
		<property name="destinationResolver" ref="destinationResolver" />
		<property name="defaultDestinationName" value="jms/spqsendQ" />
		<property name="pubSubDomain" value="false" />
	</bean>


	<!-- SYNC PERSISTENT RECV TEMPLATE -->

	<jee:jndi-lookup id="spqrCF" jndi-name="jms/spqrCF"
		resource-ref="true" />

	<bean id="spqrConnectionFactory"
		class="org.springframework.jms.connection.UserCredentialsConnectionFactoryAdapter">
		<property name="targetConnectionFactory" ref="spqrCF" />
		<property name="username" value=" " />
		<property name="password" value=" " />
	</bean>

	<bean id="syncPersistentRecvjmsTemplate" class="org.springframework.jms.core.JmsTemplate">
		<property name="connectionFactory" ref="spqrConnectionFactory" />
		<property name="destinationResolver" ref="destinationResolver" />
		<property name="defaultDestinationName" value="jms/spqrecvQ" />
		<property name="receiveTimeout" value="30000" />
		<property name="pubSubDomain" value="false" />
	</bean>

	<!-- SYNC NON-PERSISTENT SEND TEMPLATE -->

	<jee:jndi-lookup id="snpsCF" jndi-name="jms/snpsCF"
		resource-ref="true" />

	<bean id="snpsConnectionFactory"
		class="org.springframework.jms.connection.UserCredentialsConnectionFactoryAdapter">
		<property name="targetConnectionFactory" ref="snpsCF" />
		<property name="username" value=" " />
		<property name="password" value=" " />
	</bean>

	<bean id="syncNonPersistentSendjmsTemplate" class="org.springframework.jms.core.JmsTemplate">
		<property name="connectionFactory" ref="snpsConnectionFactory" />
		<property name="destinationResolver" ref="destinationResolver" />
		<property name="defaultDestinationName" value="jms/snpsendQ" />
		<property name="pubSubDomain" value="false" />
		<property name="sessionTransacted" value="true" />
	</bean>

	<!-- SYNC DOC GENERATION PERSISTENT SEND TEMPLATE -->

	<jee:jndi-lookup id="easeDocsCF" jndi-name="jms/easeDocsCF"
		resource-ref="true" />

	<bean id="spsDocGenConnectionFactory"
		class="org.springframework.jms.connection.UserCredentialsConnectionFactoryAdapter">
		<property name="targetConnectionFactory" ref="easeDocsCF" />
		<property name="username" value=" " />
		<property name="password" value=" " />
	</bean>

	<bean id="syncDocGenerationPersistentSendjmsTemplate" class="org.springframework.jms.core.JmsTemplate">
		<property name="connectionFactory" ref="spsDocGenConnectionFactory" />
		<property name="destinationResolver" ref="destinationResolver" />
		<property name="defaultDestinationName" value="jms/easeDocsendQ" />
		<property name="pubSubDomain" value="false" />
		<property name="sessionTransacted" value="true" />
	</bean>

	<!-- SYNC DOC GENERATION PERSISTENT RECV TEMPLATE -->

	<jee:jndi-lookup id="easeDocrCF" jndi-name="jms/easeDocrCF"
		resource-ref="true" />

	<bean id="sprDocGenConnectionFactory"
		class="org.springframework.jms.connection.UserCredentialsConnectionFactoryAdapter">
		<property name="targetConnectionFactory" ref="easeDocrCF" />
		<property name="username" value=" " />
		<property name="password" value=" " />
	</bean>

	<bean id="syncDocGenerationPersistentRecvjmsTemplate" class="org.springframework.jms.core.JmsTemplate">
		<property name="connectionFactory" ref="sprDocGenConnectionFactory" />
		<property name="destinationResolver" ref="destinationResolver" />
		<property name="defaultDestinationName" value="jms/easeDocrecQ" />
		<property name="receiveTimeout" value="3000" />
		<property name="pubSubDomain" value="false" />
		<property name="sessionTransacted" value="true" />
	</bean>

	<!-- SYNC NON-PERSISTENT RECV TEMPLATE -->

	<jee:jndi-lookup id="snprCF" jndi-name="jms/snprCF"
		resource-ref="true" />

	<bean id="snprConnectionFactory"
		class="org.springframework.jms.connection.UserCredentialsConnectionFactoryAdapter">
		<property name="targetConnectionFactory" ref="snprCF" />
		<property name="username" value=" " />
		<property name="password" value=" " />
	</bean>

	<bean id="syncNonPersistentRecvjmsTemplate" class="org.springframework.jms.core.JmsTemplate">
		<property name="connectionFactory" ref="snprConnectionFactory" />
		<property name="destinationResolver" ref="destinationResolver" />
		<property name="defaultDestinationName" value="jms/snprecvQ" />
		<property name="receiveTimeout" value="30000" />
		<property name="pubSubDomain" value="false" />
		<property name="sessionTransacted" value="true" />
	</bean>

	<!-- ASYNC PERSISTENT SEND TEMPLATE -->

	<jee:jndi-lookup id="apqsCF" jndi-name="jms/apqsCF"
		resource-ref="true" />

	<bean id="apqsConnectionFactory"
		class="org.springframework.jms.connection.UserCredentialsConnectionFactoryAdapter">
		<property name="targetConnectionFactory" ref="apqsCF" />
		<property name="username" value=" " />
		<property name="password" value=" " />
	</bean>

	<bean id="asyncPersistentSendjmsTemplate" class="org.springframework.jms.core.JmsTemplate">
		<property name="connectionFactory" ref="apqsConnectionFactory" />
		<property name="destinationResolver" ref="destinationResolver" />
		<property name="defaultDestinationName" value="jms/apqsendQ" />
		<property name="pubSubDomain" value="false" />
	</bean>

	<!-- ASYNC PERSISTENT RECV TEMPLATE -->

	<jee:jndi-lookup id="apqrCF" jndi-name="jms/apqrCF"
		resource-ref="true" />

	<bean id="apqrConnectionFactory"
		class="org.springframework.jms.connection.UserCredentialsConnectionFactoryAdapter">
		<property name="targetConnectionFactory" ref="apqrCF" />
		<property name="username" value=" " />
		<property name="password" value=" " />
	</bean>

	<bean id="asyncPersistentRecvjmsTemplate" class="org.springframework.jms.core.JmsTemplate">
		<property name="connectionFactory" ref="apqrConnectionFactory" />
		<property name="destinationResolver" ref="destinationResolver" />
		<property name="defaultDestinationName" value="jms/apqrecvQ" />
		<property name="receiveTimeout" value="30000" />
		<property name="pubSubDomain" value="false" />
	</bean>
	<!-- Logging Beans -->

	<bean id="logSendJmsTemplate" class="org.springframework.jms.core.JmsTemplate">
		<property name="connectionFactory" ref="jnlsendConnectionFactory" />
		<property name="destinationResolver" ref="destinationResolver" />
		<property name="defaultDestinationName" value="jms/jnlsendQ" />
		<property name="receiveTimeout" value="30000" />
		<property name="pubSubDomain" value="false" />
	</bean>

	<bean id="jnlsendConnectionFactory"
		class="org.springframework.jms.connection.UserCredentialsConnectionFactoryAdapter">
		<property name="targetConnectionFactory" ref="jnlsCF" />
		<property name="username" value=" " />
		<property name="password" value=" " />
	</bean>

	<jee:jndi-lookup id="jnlsCF" jndi-name="jms/jnlsCF"
		resource-ref="true" />

	<!-- Message Driven POJO -->
	<bean id="simpleJmsMessageListener"
		class="gov.ca.dmv.ease.ecs.listen.impl.SimpleJmsMessageListener">
		<constructor-arg index="0" ref="persistenceServiceRequestFactory" />
	</bean>

	<bean id="jmsContainer"
		class="org.springframework.jms.listener.DefaultMessageListenerContainer">
		<property name="connectionFactory" ref="apqrConnectionFactory" />
		<property name="destinationResolver" ref="destinationResolver" />
		<property name="concurrentConsumers" value="1" />
		<property name="destinationName" value="jms/apqrecvQ" />
		<property name="messageListener" ref="simpleJmsMessageListener" />
<!--		<property name="messageSelector" value="JMSCorrelationID LIKE 'ID:%'" />-->
	</bean>

	<!-- BRIDGE PERSISTENT SEND TEMPLATE -->
	<jee:jndi-lookup id="bridgeDmvaSendCF" jndi-name="jms/bdgDMVAsCF"
		resource-ref="true" />

	<bean id="bridgeDmvaSendConnectionFactory"
		class="org.springframework.jms.connection.UserCredentialsConnectionFactoryAdapter">
		<property name="targetConnectionFactory" ref="bridgeDmvaSendCF" />
		<property name="username" value=" " />
		<property name="password" value=" " />
	</bean>

	<bean id="bridgeDmvaSendjmsTemplate" class="org.springframework.jms.core.JmsTemplate">
		<property name="connectionFactory" ref="bridgeDmvaSendConnectionFactory" />
		<property name="destinationResolver" ref="destinationResolver" />
		<property name="defaultDestinationName" value="jms/bdgDMVAsendQ" />
		<property name="receiveTimeout" value="30000" />
		<property name="pubSubDomain" value="false" />
	</bean>

	<!-- DLID L1 SERVER SEND TEMPLATE -->
	<jee:jndi-lookup id="dlidL1SendCF" jndi-name="jms/dlidL1sCF"
		resource-ref="true" />

	<bean id="dlidL1SendConnectionFactory"
		class="org.springframework.jms.connection.UserCredentialsConnectionFactoryAdapter">
		<property name="targetConnectionFactory" ref="dlidL1SendCF" />
		<property name="username" value=" " />
		<property name="password" value=" " />
	</bean>	
	<bean id="dlidL1SendjmsTemplate" class="org.springframework.jms.core.JmsTemplate">
		<property name="connectionFactory" ref="dlidL1SendConnectionFactory" />
		<property name="destinationResolver" ref="destinationResolver" />
		<property name="defaultDestinationName" value="jms/dlidL1sendQ" />
		<property name="receiveTimeout" value="30000" />
		<property name="pubSubDomain" value="false" />
	</bean>
	
</beans>