<?xml version="1.0" encoding="UTF-8"?>
<beans xmlns="http://www.springframework.org/schema/beans"
	xmlns:xsi="http://www.w3.org/2001/XMLSchema-instance" xmlns:util="http://www.springframework.org/schema/util"
	xsi:schemaLocation="http://www.springframework.org/schema/beans http://www.springframework.org/schema/beans/spring-beans-2.5.xsd http://www.springframework.org/schema/util http://www.springframework.org/schema/util/spring-util-2.5.xsd">
		
	<!-- OFFICE_BUSINESS: Retrieve office type -->
	<util:map id="OID_TYPE_010" map-class="java.util.LinkedHashMap">
		<entry key="1" value="HQ_UNIT" />				
	</util:map>
	<util:map id="OID_TYPE_068" map-class="java.util.LinkedHashMap">
		<entry key="1" value="HQ_UNIT" />				
	</util:map>
	<util:map id="OID_TYPE_072" map-class="java.util.LinkedHashMap">
		<entry key="1" value="HQ_UNIT" />				
	</util:map>	
	<util:map id="OID_TYPE_075" map-class="java.util.LinkedHashMap">
		<entry key="1" value="HQ_UNIT" />				
	</util:map>
	<util:map id="OID_TYPE_162" map-class="java.util.LinkedHashMap">
		<entry key="1" value="HQ_UNIT" />		
		<entry key="2" value="DL_ISSUANCE_OFFICE" />		
	</util:map>
	<util:map id="OID_TYPE_201" map-class="java.util.LinkedHashMap">
		<entry key="1" value="HQ_UNIT" />							
	</util:map>		
	<util:map id="OID_TYPE_212" map-class="java.util.LinkedHashMap">
		<entry key="1" value="DL_ISSUANCE_OFFICE" />				
	</util:map>
	<util:map id="OID_TYPE_223" map-class="java.util.LinkedHashMap">
		<entry key="1" value="DL_ISSUANCE_OFFICE" />				
	</util:map>
	<util:map id="OID_TYPE_225" map-class="java.util.LinkedHashMap">
		<entry key="1" value="DL_ISSUANCE_OFFICE" />
		<entry key="2" value="RISU" />						
	</util:map>	
	<util:map id="OID_TYPE_230" map-class="java.util.LinkedHashMap">
		<entry key="1" value="DL_ISSUANCE_OFFICE" />
		<entry key="2" value="LPVU" />						
	</util:map>
	<util:map id="OID_TYPE_232" map-class="java.util.LinkedHashMap">
		<entry key="1" value="DL_ISSUANCE_OFFICE" />				
	</util:map>
	<util:map id="OID_TYPE_310" map-class="java.util.LinkedHashMap">
		<entry key="1" value="HQ_UNIT" />				
	</util:map>		
	<util:map id="OID_TYPE_138" map-class="java.util.LinkedHashMap">
		<entry key="1" value="HQ_UNIT" />
 		<entry key="2" value="CENTRAL_PHONE_A/B_OFFICE" />						
	</util:map>	
	<util:map id="OID_TYPE_791" map-class="java.util.LinkedHashMap">
		<entry key="1" value="HQ_UNIT" />
 		<entry key="2" value="DL_ISSUANCE_OFFICE" />
 		<entry key="3" value="TELEPHONE_SERVICE_CENTER" />
 		<entry key="4" value="RISU" />
 		<entry key="5" value="LPVU" />						
	</util:map>
</beans>