<?xml version='1.0' encoding='utf-8'?>
<!DOCTYPE hibernate-configuration PUBLIC
        "-//Hibernate/Hibernate Configuration DTD 3.0//EN"
        "http://hibernate.sourceforge.net/hibernate-configuration-3.0.dtd">

<hibernate-configuration>
	<session-factory>

		<!-- Database connection settings -->
		<property name="hibernate.connection.datasource">jdbc/easeDS</property>
		<property name="hibernate.transaction.manager_lookup_class">org.hibernate.transaction.WebSphereExtendedJTATransactionLookup</property>
		<property name="connection.driver_class">com.ibm.db2.jcc.DB2ConnectionPoolDataSource</property>

		<!-- <property name="hibernate.default_schema">MWKDB2MV</property> -->

		<property name="current_session_context_class">thread</property>

		<property name="hibernate.dialect">gov.ca.dmv.ease.tus.persist.util.impl.Db2390DialectSequenceFix</property>
		
		<property name="current_session_context_class">thread</property>

		<!-- Echo all executed SQL to stdout -->
		<property name="show_sql">false</property>
		<!-- Drop and re-create the database schema on startup -->
		<!--property name="hibernate.hbm2ddl.auto">create</property-->

	</session-factory>
</hibernate-configuration>
