<?xml version="1.0" encoding="UTF-8"?>
<metadata xsi:schemaLocation="http://maven.apache.org/METADATA/1.0.0 http://maven.apache.org/xsd/metadata-1.0.0.xsd" xmlns="http://maven.apache.org/METADATA/1.0.0"
    xmlns:xsi="http://www.w3.org/2001/XMLSchema-instance">
  <groupId>myeclipse-reports</groupId>
  <artifactId>modelodaapi</artifactId>
  <version>2.3.0</version>
  <versioning>
    <versions>
      <version>2.3.0</version>
      <version>2.5.0</version>
      <version>2.5.2</version>
    </versions>
    <lastUpdated>20110119181128</lastUpdated>
  </versioning>
</metadata>
