<?xml version="1.0"?>
<!DOCTYPE hibernate-mapping PUBLIC
          "-//Hibernate/Hibernate Mapping DTD 3.0//EN"
          "http://hibernate.sourceforge.net/hibernate-mapping-3.0.dtd">
          
	    <!--===================-->
        <!-- Author: Rahul Ajit-->
        <!--===================-->          

<hibernate-mapping package="gov.ca.dmv.AKT.integration.BeansImpl">

    <class        name="AKTSResults"           table="vtdm200u_akts_results_a">
        <id       name="sysId"                 column="sys_id">
        </id>
        <property name="officeId"              column="office_id"          not-null="true"/>
        <property name="techId"                column="tech_id"            not-null="true"/>
        <property name="appId"                 column="app_id"             not-null="true"/>
        <property name="dlNumber"              column="dl_nbr"             not-null="true"/>
        <property name="easeTestId"            column="ease_test_id"       not-null="true"/>
        <property name="passFailInd"           column="pass_fail_ind"      not-null="true"/>
        <property name="langId"                column="lang_id"            not-null="true"/>
        <property name="resultSentTimestamp"   column="result_sent_tstamp" not-null="true"/>
        <property name="resultStatusCode"      column="result_status_cd"   not-null="true"/>
        <property name="creatorId"             column="creator_id"         not-null="true"/>
        <property name="createTimestamp"       column="create_tstamp"      not-null="true"/>
        <property name="modifiedBy"            column="modified_by"        not-null="true"/>
        <property name="modifiedTimestamp"     column="modified_tstamp"    not-null="true"/>
    </class>

</hibernate-mapping>
