<?xml version="1.0"?>
<!DOCTYPE hibernate-mapping PUBLIC
          "-//Hibernate/Hibernate Mapping DTD 3.0//EN"
          "http://hibernate.sourceforge.net/hibernate-mapping-3.0.dtd">
          
	    <!--===================-->
        <!-- Author: Rahul Ajit-->
        <!--===================-->          

<hibernate-mapping package="gov.ca.dmv.AKT.integration.BeansImpl">

    <class        name="Answer"               table="vakt141u_answer_tbl_a">
        <id       name="answerGenId"            column="answer_gen_id">
        	<generator class="sequence">
        		<param name="sequence">qakt140_answer_gen_id</param>
        	</generator>
        </id>
        <property name="answerId"               column="answer_id"          not-null="true" type="gov.ca.dmv.AKT.integration.Hibernate.TrimmedString"/>
        <property name="correctAnswerInd"       column="corr_answer_ind"    not-null="true"/>
        <property name="answerText"             column="answer_txt"         not-null="true" type="gov.ca.dmv.AKT.integration.Hibernate.TrimmedString"/>
        <property name="answerStatus"           column="answer_status"      not-null="true" type="gov.ca.dmv.AKT.integration.Hibernate.TrimmedString"/>
        <property name="signImage"              column="sign_image"         not-null="true" type="gov.ca.dmv.AKT.integration.Hibernate.TrimmedString"/>
        <property name="lastModUsername"        column="lstmodusr_nme"      not-null="true" type="gov.ca.dmv.AKT.integration.Hibernate.TrimmedString"/>
        <property name="lastModUserTime"        column="lstmodusr_tme"      not-null="true"/>
        <property name="questionGenId"          column="question_gen_id"    not-null="true"/>
        <property name="answerAudio"            column="answer_audio"       not-null="true" type="gov.ca.dmv.AKT.integration.Hibernate.TrimmedString"/>
        <property name="answerVideo"            column="answer_video"       not-null="true" type="gov.ca.dmv.AKT.integration.Hibernate.TrimmedString"/>
        <property name="changeReviewStatusCode" column="chg_revw_status_cd" not-null="true"/>
    </class>

</hibernate-mapping>
