<?xml version="1.0"?>
<!DOCTYPE hibernate-mapping PUBLIC
          "-//Hibernate/Hibernate Mapping DTD 3.0//EN"
          "http://hibernate.sourceforge.net/hibernate-mapping-3.0.dtd">
          
	    <!--===================-->
        <!-- Author: Willy Wang-->
        <!--===================-->          

<hibernate-mapping package="gov.ca.dmv.AKT.integration.BeansImpl">

    <class        name="ApplicationSecondary"  table="vakt251su_application_a">
        <id       name="applicationId"         column="app_id">
        	<generator class="sequence">
        		<param name="sequence">qakt250_application</param>
        	</generator>
        </id>
        <property name="vaultId"               column="vault_id"             not-null="true"/>
        <property name="classLicenseCode"      column="class_lic_cd"         not-null="true"/>
        <property name="endorsementCode"       column="endr_cd"              not-null="true" type="gov.ca.dmv.AKT.integration.Hibernate.TrimmedString"/>
        <property name="officeId"              column="office_id"            not-null="true"/>
        <property name="osFlag"                column="os_flg"               not-null="true"/>
        <property name="dlExpirationDate"      column="dl_exp_dt"            not-null="true"/>
        <property name="applicationTimestamp"  column="app_tstamp"           not-null="true"/>
        <property name="renewalFlag"           column="renewal_flg"          not-null="true"/>
        <property name="pauseCount"            column="pause_cnt"            not-null="true"/>
        <property name="applicationStatusCode" column="app_status_cd"        not-null="true"/>
        <property name="forceFailFlag"         column="force_fail_flg"       not-null="true"/>
        <property name="techId"                column="tech_id"              not-null="true"/>
        <property name="easeApplicationId"     column="ease_app_id"          not-null="true" type="gov.ca.dmv.AKT.integration.Hibernate.TrimmedString"/>
        <property name="signTestSatisfiedFlag" column="sign_test_stsfd_flg"  not-null="true"/>
        <property name="lastModUsername"       column="lstmodusr_nme"        not-null="true" type="gov.ca.dmv.AKT.integration.Hibernate.TrimmedString"/>
        <property name="lastModUserTime"       column="lstmodusr_tme"        not-null="true"/>
        <property name="applicationType"       column="app_type_cd"          not-null="true" type="gov.ca.dmv.AKT.integration.Hibernate.TrimmedString"/>
        <property name="audioVideoTestCode"    column="audio_video_test_cd"  not-null="true"/>
    </class>    
</hibernate-mapping>
