<?xml version="1.0"?>
<!DOCTYPE hibernate-mapping PUBLIC
          "-//Hibernate/Hibernate Mapping DTD 3.0//EN"
          "http://hibernate.sourceforge.net/hibernate-mapping-3.0.dtd">
          
	    <!--===================-->
        <!-- Author: Rahul Ajit-->
        <!--===================-->          

<hibernate-mapping package="gov.ca.dmv.AKT.integration.BeansImpl">

    <class        name="Audit"                  table="vakt351u_audit_history">
        <id       name="id"                     column="audit_id">
        	<generator class="sequence">
        		<param name="sequence">qakt350_audit_history</param>
        	</generator>
        </id>
        <property name="tableName"            column="table_nme"          not-null="true" type="gov.ca.dmv.AKT.integration.Hibernate.TrimmedString"/>
        <property name="fieldName"            column="field_nme"          not-null="true" type="gov.ca.dmv.AKT.integration.Hibernate.TrimmedString"/>
        <property name="oldValue"             column="old_value"          not-null="true"/>
        <property name="newValue"             column="new_value"          not-null="true"/>
        <property name="key"                  column="retrieval_key"      not-null="true"/>
        <property name="lastModUsername"      column="lstmodusr_nme"      not-null="true" type="gov.ca.dmv.AKT.integration.Hibernate.TrimmedString"/>
        <property name="lastModUserTime"      column="lstmodusr_tme"      not-null="true"/>
    </class>

</hibernate-mapping>
