<?xml version="1.0"?>
<!DOCTYPE hibernate-mapping PUBLIC
          "-//Hibernate/Hibernate Mapping DTD 3.0//EN"
          "http://hibernate.sourceforge.net/hibernate-mapping-3.0.dtd">
          
	    <!--===================-->
        <!-- Author: Rahul Ajit-->
        <!--===================-->          

<hibernate-mapping package="gov.ca.dmv.AKT.integration.BeansImpl">

    <class        name="Category"             table="vakt081u_category">
        <id       name="categoryId"           column="category_id" type="gov.ca.dmv.AKT.integration.Hibernate.TrimmedString">
        </id>
        <property name="categoryName"         column="category_nme"       not-null="true" type="gov.ca.dmv.AKT.integration.Hibernate.TrimmedString"/>
        <property name="categoryDesc"         column="category_desc"      not-null="true"/>
        <property name="lastModUsername"      column="lstmodusr_nme"      not-null="true" type="gov.ca.dmv.AKT.integration.Hibernate.TrimmedString"/>
        <property name="lastModUserTime"      column="lstmodusr_tme"      not-null="true"/>
    </class>

</hibernate-mapping>
