<?xml version="1.0"?>
<!DOCTYPE hibernate-mapping PUBLIC
          "-//Hibernate/Hibernate Mapping DTD 3.0//EN"
          "http://hibernate.sourceforge.net/hibernate-mapping-3.0.dtd">
          
	    <!--===================-->
        <!-- Author: Rahul Ajit-->
        <!--===================-->          

<hibernate-mapping package="gov.ca.dmv.AKT.integration.BeansImpl">

    <class        name="EaseInboundMessage"          table="vakt341u_ease_inb_msg_e">
        <id       name="easeMessageId"               column="ease_msg_id">
        	<generator class="sequence">
        		<param name="sequence">qakt340_ease_inb_msg_e</param>
        	</generator>
        </id>
        <property name="easeMessageReceivedTimestamp" column="ease_msg_rcv_ts"    not-null="true"/>
        <property name="easeApplicationMessage"       column="ease_app_msg"       not-null="true"/>
        <property name="easeMessageIndicator"         column="ease_msg_prc_ind"   not-null="true"/>
        <property name="lastModUsername"              column="lstmodusr_nme"      not-null="true" type="gov.ca.dmv.AKT.integration.Hibernate.TrimmedString"/>
        <property name="lastModUserTime"              column="lstmodusr_tme"      not-null="true"/>
    </class>

</hibernate-mapping>
