<?xml version="1.0"?>
<!DOCTYPE hibernate-mapping PUBLIC
          "-//Hibernate/Hibernate Mapping DTD 3.0//EN"
          "http://hibernate.sourceforge.net/hibernate-mapping-3.0.dtd">
          
	    <!--===================-->
        <!-- Author: Rahul Ajit-->
        <!--===================-->          

<hibernate-mapping package="gov.ca.dmv.AKT.integration.BeansImpl">

    <class        name="ExamHistory"           table="vakt301u_exam_hist">
        <id       name="pastExamId"            column="past_exam_id">
        </id>
        <property name="applicationId"         column="app_id"               not-null="true"/>
        <property name="easeTestId"            column="ease_test_id"         not-null="true"/>
        <property name="easeStatusIndicator"   column="ease_status_ind"      not-null="true"/>
        <property name="easeReceivedTimestamp" column="ease_recv_tstamp"     not-null="true"/>
        <property name="aktStatusIndicator"    column="akt_status_ind"       not-null="true"/>
        <property name="aktUpdatedTimestamp"   column="akt_updt_tstamp"      not-null="true"/>
        <property name="lastModusername"       column="lstmodusr_nme"        not-null="true" type="gov.ca.dmv.AKT.integration.Hibernate.TrimmedString"/> 
        <property name="lastModUserTime"       column="lstmodusr_tme"        not-null="true"/>
    </class>

</hibernate-mapping>
