<?xml version="1.0"?>
<!DOCTYPE hibernate-mapping PUBLIC
          "-//Hibernate/Hibernate Mapping DTD 3.0//EN"
          "http://hibernate.sourceforge.net/hibernate-mapping-3.0.dtd">
          
	    <!--===================-->
        <!-- Author: Rahul Ajit-->
        <!--===================-->          

<hibernate-mapping package="gov.ca.dmv.AKT.integration.BeansImpl">

    <class        name="ExamAnswer"           table="vakt311u_exam_answ">
        <composite-id     name="eaPrimaryKey" class="EAPrimaryKey">       
        	<key-property name="examId"       column="exam_id"/>
        	<key-property name="answerId"     column="answ_id"/>
        </composite-id>
        <property name="questionGenId"        column="question_gen_id"    not-null="true"/>
        <property name="correctAnswerFlag"    column="corr_answ_flg"      not-null="true"/>
        <property name="answerPresentedOrder" column="answ_pres_ordr"     not-null="true"/>
        <property name="lastModUsername"      column="lstmodusr_nme"      not-null="true" type="gov.ca.dmv.AKT.integration.Hibernate.TrimmedString"/>
        <property name="lastModUserTime"      column="lstmodusr_tme"      not-null="true"/>
    </class>

</hibernate-mapping>
