<?xml version="1.0"?>
<!DOCTYPE hibernate-mapping PUBLIC
          "-//Hibernate/Hibernate Mapping DTD 3.0//EN"
          "http://hibernate.sourceforge.net/hibernate-mapping-3.0.dtd">
          
	    <!--===================-->
        <!-- Author: Rahul Ajit-->
        <!--===================-->          

<hibernate-mapping package="gov.ca.dmv.AKT.integration.BeansImpl">

    <class                name="ExamQuestion"           table="vakt321u_exam_ques">
        <composite-id     name="eqPrimaryKey"           class="EQPrimaryKey">       
        	<key-property name="examId"                 column="exam_id"/>
        	<key-property name="questionPresentedOrder" column="question_pres_ordr"/>
        </composite-id>
        
        <property name="questionGenId"        column="question_gen_id"      not-null="true"/>
		<property name="questionLangId"       column="question_lang_id"     not-null="true" type="gov.ca.dmv.AKT.integration.Hibernate.TrimmedString"/>
        <property name="questionId"           column="question_id"          not-null="true" type="gov.ca.dmv.AKT.integration.Hibernate.TrimmedString"/>
		
        <property name="answerChoice"         column="answ_choice"          not-null="true"/>
        <property name="answerStatus"         column="answ_status"          not-null="true"/>
        <property name="answerElapsedTime"    column="answ_elapsed_tme"     not-null="true"/>
        <property name="lastModUsername"      column="lstmodusr_nme"        not-null="true" type="gov.ca.dmv.AKT.integration.Hibernate.TrimmedString"/>
        <property name="lastModUserTime"      column="lstmodusr_tme"        not-null="true"/>
    </class>

</hibernate-mapping>
