<?xml version="1.0"?>
<!DOCTYPE hibernate-mapping PUBLIC
          "-//Hibernate/Hibernate Mapping DTD 3.0//EN"
          "http://hibernate.sourceforge.net/hibernate-mapping-3.0.dtd">
          
	    <!--===================-->
        <!-- Author: Rahul Ajit-->
        <!--===================-->          

<hibernate-mapping package="gov.ca.dmv.AKT.integration.BeansImpl">

    <class        name="Exam"                    table="vakt241u_exam_b">
        <id       name="examId"                  column="exam_id">
        	<generator class="sequence">
        		<param name="sequence">qakt240_exam</param>
        	</generator>
        </id>
        <property name="applicationId"           column="app_id"                    not-null="true"/>
        <property name="testId"                  column="test_id"                   not-null="true" type="gov.ca.dmv.AKT.integration.Hibernate.TrimmedString"/>
        <property name="passFailIndicator"       column="pass_fail_ind"             not-null="true"/>
        <property name="cdlFlag"                 column="cdl_flg"                   not-null="true"/>
        <property name="quickPassFailFlag"       column="quick_pass_fail_flg"       not-null="true"/>
        <property name="officeId"                column="office_id"                 not-null="true" type="gov.ca.dmv.AKT.integration.Hibernate.TrimmedString"/>
        <property name="examStartTime"           column="exam_start_tme"            not-null="true"/>
        <property name="examEndTime"             column="exam_end_tme"              not-null="true"/>
        <property name="completionReasonCode"    column="cmpltn_rsn_cd"             not-null="true"/>
        <property name="incorrectAnswerCount"    column="incorr_ans_cnt"            not-null="true"/>
        <property name="maxIncorrectNumber"      column="max_incorr_nbr"            not-null="true"/>
        <property name="examQuestionNumber"      column="exam_ques_nbr"             not-null="true"/>
        <property name="questionAnsweredCount"   column="ques_answ_cnt"             not-null="true"/>
        <property name="correctQuestionCount"    column="corr_ques_cnt"             not-null="true"/>
        <property name="easeTimestamp"           column="ease_tstamp"               not-null="true"/>
        <property name="examOrder"               column="exam_order"                not-null="true"/>
        <property name="sessionId"               column="session_id"                not-null="true"/>
        <property name="easeTestId"              column="ease_test_id"              not-null="true"/>
        <property name="testTypeCode"            column="test_type_cd"              not-null="true"/>
        <property name="optionalTestInd"         column="optional_test_ind"         not-null="true"/>
        <property name="langId"                  column="lang_id"                   not-null="true"/>
        <property name="signTestFlag"            column="sign_test_flg"             not-null="true"/>
        <property name="score"                   column="score"                     not-null="true"/>
        <property name="secondaryVerificationId" column="secondary_verification_id" not-null="true" type="gov.ca.dmv.AKT.integration.Hibernate.TrimmedString"/>
        <property name="remainingTime" 			 column="remaining_tme" 			not-null="true"/>
        <property name="lastModUsername"         column="lstmodusr_nme"             not-null="true" type="gov.ca.dmv.AKT.integration.Hibernate.TrimmedString"/>
        <property name="lastModUserTime"         column="lstmodusr_tme"             not-null="true"/>
    </class>

</hibernate-mapping>
