<?xml version="1.0"?>
<!DOCTYPE hibernate-mapping PUBLIC
          "-//Hibernate/Hibernate Mapping DTD 3.0//EN"
          "http://hibernate.sourceforge.net/hibernate-mapping-3.0.dtd">
          
	    <!--===================-->
        <!-- Author: Rahul Ajit-->
        <!--===================-->          

<hibernate-mapping package="gov.ca.dmv.AKT.integration.BeansImpl">

    <class        name="HandbookRef"          table="vakt121u_handbook_refr">
        <composite-id     name="hrPrimaryKey"           class="HRPrimaryKey">       
        	<key-property name="handbookRef"            column="handbook_refr" type="gov.ca.dmv.AKT.integration.Hibernate.TrimmedString"/>
        	<key-property name="langId"                 column="lang_id"/>
        </composite-id>
        <property name="handbookSectionName"  column="handbook_section_nme"        not-null="true" type="gov.ca.dmv.AKT.integration.Hibernate.TrimmedString"/>
        <property name="handbookSectionDesc"  column="handbook_section_desc"       not-null="true" type="gov.ca.dmv.AKT.integration.Hibernate.TrimmedString"/>
        <property name="lastModUsername"      column="lstmodusr_nme"               not-null="true" type="gov.ca.dmv.AKT.integration.Hibernate.TrimmedString"/>
        <property name="lastModUserTime"      column="lstmodusr_tme"               not-null="true"/>
    </class>

</hibernate-mapping>
