<?xml version="1.0"?>
<!DOCTYPE hibernate-mapping PUBLIC
          "-//Hibernate/Hibernate Mapping DTD 3.0//EN"
          "http://hibernate.sourceforge.net/hibernate-mapping-3.0.dtd">
          
	    <!--===================-->
        <!-- Author: Rahul Ajit-->
        <!--===================-->          

<hibernate-mapping package="gov.ca.dmv.AKT.integration.BeansImpl">

    <class        name="Lang"                 table="vakt051u_lang_a">
        <id       name="langId"               column="lang_id">
        	
        </id>
        <property name="langName"             column="lang_nme"           not-null="true"/>
        <property name="progLangCode"         column="program_lang_cd"    not-null="true"/>
        <property name="displayOrder"         column="display_order"      not-null="true"/>
        <property name="lastModUsername"      column="lstmodusr_nme"      not-null="true" type="gov.ca.dmv.AKT.integration.Hibernate.TrimmedString"/>
        <property name="lastModUserTime"      column="lstmodusr_tme"      not-null="true"/>
        <property name="nativeLangName"       column="native_lang_nme"    not-null="true" type="gov.ca.dmv.AKT.integration.Hibernate.TrimmedString"/>
    </class>

</hibernate-mapping>
