<?xml version="1.0"?>
<!DOCTYPE hibernate-mapping PUBLIC
          "-//Hibernate/Hibernate Mapping DTD 3.0//EN"
          "http://hibernate.sourceforge.net/hibernate-mapping-3.0.dtd">
          
	    <!--===================-->
        <!-- Author: Adheesh Gokhale-->
        <!--===================-->          

<hibernate-mapping package="gov.ca.dmv.AKT.integration.BeansImpl">
												
    <class        name="Office"          table="vakt231u_office_b">
        <id       name="officeId"              column="office_id">
        </id>
        <property name="officeName"            column="office_nme"           not-null="true" type="gov.ca.dmv.AKT.integration.Hibernate.TrimmedString"/>
        <property name="officeCityName"        column="office_city_nme"      not-null="true" type="gov.ca.dmv.AKT.integration.Hibernate.TrimmedString"/>
        <property name="regionCode"            column="region_cd"            not-null="true"/>
        <property name="l1ServerIpAddr"        column="l1_server_nme"    not-null="true" type="gov.ca.dmv.AKT.integration.Hibernate.TrimmedString"/>
        <property name="officeTypeCode"        column="office_type_cd"       not-null="true" type="gov.ca.dmv.AKT.integration.Hibernate.TrimmedString"/>
        <property name="newFunctionOnFlag"     column="new_function_on_flg"  not-null="true"/>
        <property name="buildingId"     	   column="building_id"  	 	 not-null="true"/>
        <property name="lastModUsername"       column="lstmodusr_nme"        not-null="true" type="gov.ca.dmv.AKT.integration.Hibernate.TrimmedString"/>
        <property name="lastModUserTime"       column="lstmodusr_tme"        not-null="true"/>
    </class>

</hibernate-mapping>
