<?xml version="1.0"?>
<!DOCTYPE hibernate-mapping PUBLIC
          "-//Hibernate/Hibernate Mapping DTD 3.0//EN"
          "http://hibernate.sourceforge.net/hibernate-mapping-3.0.dtd">
          
	    <!--===================-->
        <!-- Author: Rahul Ajit-->
        <!--===================-->          

<hibernate-mapping package="gov.ca.dmv.AKT.integration.BeansImpl">

    <class        name="QuestionList"         table="vakt091u_question_list">
        <composite-id     name="qlPrimaryKey"         class="QLPrimaryKey">       
        	<key-property name="categoryId"           column="category_id" type="gov.ca.dmv.AKT.integration.Hibernate.TrimmedString"/>
        	<key-property name="questionId"           column="question_id" type="gov.ca.dmv.AKT.integration.Hibernate.TrimmedString"/>
        	<key-property name="testId"               column="test_id"     type="gov.ca.dmv.AKT.integration.Hibernate.TrimmedString"/>
        </composite-id>
        <property name="questionStatus"       column="question_status"    not-null="true" type="gov.ca.dmv.AKT.integration.Hibernate.TrimmedString"/>
        <property name="lastModUsername"      column="lstmodusr_nme"      not-null="true" type="gov.ca.dmv.AKT.integration.Hibernate.TrimmedString"/>
        <property name="lastModUserTime"      column="lstmodusr_tme"      not-null="true"/>
    </class>

</hibernate-mapping>
