<?xml version="1.0"?>
<!DOCTYPE hibernate-mapping PUBLIC
          "-//Hibernate/Hibernate Mapping DTD 3.0//EN"
          "http://hibernate.sourceforge.net/hibernate-mapping-3.0.dtd">
          
	    <!--===================-->
        <!-- Author: Rahul Ajit-->
        <!--===================-->          

<hibernate-mapping package="gov.ca.dmv.AKT.integration.BeansImpl">

    <class        name="QuestionLang"         table="vakt131u_question_lang_tbl_a">
        <id       name="questionGenId"            column="question_gen_id">
        	<generator class="sequence">
        		<param name="sequence">qakt130_question_gen_id</param>
        	</generator>
        </id>
        <property name="questionId"             column="question_id"          not-null="true" type="gov.ca.dmv.AKT.integration.Hibernate.TrimmedString"/>
        <property name="questionLangId"         column="question_lang_id"     not-null="true" type="gov.ca.dmv.AKT.integration.Hibernate.TrimmedString"/>
        <property name="langId"                 column="lang_id"              not-null="true"/>
        <property name="signImage"              column="sign_image"           not-null="true" type="gov.ca.dmv.AKT.integration.Hibernate.TrimmedString"/>
        <property name="questionText"           column="question_txt"         not-null="true" type="gov.ca.dmv.AKT.integration.Hibernate.TrimmedString"/>
        <property name="handbookRef"            column="handbook_refr"        not-null="true" type="gov.ca.dmv.AKT.integration.Hibernate.TrimmedString"/>
        <property name="questionLangStatus"     column="ques_lang_status"     not-null="true" type="gov.ca.dmv.AKT.integration.Hibernate.TrimmedString"/>
        <property name="lastModUsername"        column="lstmodusr_nme"        not-null="true" type="gov.ca.dmv.AKT.integration.Hibernate.TrimmedString"/>
        <property name="lastModUserTime"        column="lstmodusr_tme"        not-null="true"/>
        <property name="changeReviewStatusCode" column="chg_revw_status_cd"   not-null="true"/>
        <property name="questionAudio"          column="question_audio"       not-null="true" type="gov.ca.dmv.AKT.integration.Hibernate.TrimmedString"/>
        <property name="questionVideo"          column="question_video"       not-null="true" type="gov.ca.dmv.AKT.integration.Hibernate.TrimmedString"/>
    </class>

</hibernate-mapping>
