<?xml version="1.0"?>
<!DOCTYPE hibernate-mapping PUBLIC
          "-//Hibernate/Hibernate Mapping DTD 3.0//EN"
          "http://hibernate.sourceforge.net/hibernate-mapping-3.0.dtd">
          
	    <!--===================-->
        <!-- Author: Rahul Ajit-->
        <!--===================-->          

<hibernate-mapping package="gov.ca.dmv.AKT.integration.BeansImpl">

    <class        name="QuickPassFailEvent"   table="vakt281u_quick_fail_evnt">
        <id       name="timestamp"            column="tstamp">
        </id>
        <property name="testId"               column="test_id"              not-null="true" type="gov.ca.dmv.AKT.integration.Hibernate.TrimmedString"/>
        <!-- <property name="quickPassFailFlag"    column="quick_pass_fail_flg"  not-null="true"/> -->
        <property name="lastModUsername"      column="lstmodusr_nme"        not-null="true" type="gov.ca.dmv.AKT.integration.Hibernate.TrimmedString"/>
        <property name="lastModUserTime"      column="lstmodusr_tme"        not-null="true"/>
    </class>

</hibernate-mapping>
