<?xml version="1.0"?>
<!DOCTYPE hibernate-mapping PUBLIC
          "-//Hibernate/Hibernate Mapping DTD 3.0//EN"
          "http://hibernate.sourceforge.net/hibernate-mapping-3.0.dtd">
          
	    <!--===================-->
        <!-- Author: Rahul Ajit-->
        <!--===================-->          

<hibernate-mapping package="gov.ca.dmv.AKT.integration.BeansImpl">

    <class        name="Session"               table="vakt211u_session_a">
        <id       name="sessionId"             column="session_id">
        	<generator class="sequence">
        		<param name="sequence">qakt210_session</param>
        	</generator>
        </id>
        <property name="applicationId"         column="app_id"                  not-null="true"/>
        <property name="workstationIPAddress"  column="workstation_ip_addr"     not-null="true" type="gov.ca.dmv.AKT.integration.Hibernate.TrimmedString"/>
        <property name="officeId"              column="office_id"               not-null="true"/>
        <property name="sessionStartTime"      column="session_start_tme"       not-null="true"/>
        <property name="sessionEndTime"        column="session_end_tme"         not-null="true"/>
        <property name="yobValidationFlag"     column="birth_yr_validation_flg" not-null="true"/>
        <property name="yobOverrideTime"       column="birth_yr_ovrd_tme"       not-null="true"/>
        <property name="languageCode"          column="lang_cd"                 not-null="true"/>
        <property name="vaultId"               column="vault_id"                not-null="true"/>
        <property name="sessionStatusCode"     column="session_status_cd"       not-null="true"/>
        <property name="lastModUsername"       column="lstmodusr_nme"           not-null="true" type="gov.ca.dmv.AKT.integration.Hibernate.TrimmedString"/>
        <property name="lastModUserTime"       column="lstmodusr_tme"           not-null="true"/>
    </class>

</hibernate-mapping>
