<?xml version="1.0"?>
<!DOCTYPE hibernate-mapping PUBLIC
          "-//Hibernate/Hibernate Mapping DTD 3.0//EN"
          "http://hibernate.sourceforge.net/hibernate-mapping-3.0.dtd">
          
	    <!--===================-->
        <!-- Author: Rahul Ajit-->
        <!--===================-->          

<hibernate-mapping package="gov.ca.dmv.AKT.integration.BeansImpl">

    <class        name="TestPlan"         table="vakt071u_test_plan_a">
        <composite-id     name="tpPrimaryKey"         class="TPPrimaryKey">       
        	<key-property name="categoryId"           column="category_id" type="gov.ca.dmv.AKT.integration.Hibernate.TrimmedString"/>
        	<key-property name="testId"               column="test_id"     type="gov.ca.dmv.AKT.integration.Hibernate.TrimmedString"/>
        </composite-id>
        <property name="categoryOrder"         column="category_order"     not-null="true"/>
        <property name="categoryQuestionCount" column="category_ques_cnt"  not-null="true"/>
        <property name="lastModUsername"       column="lstmodusr_nme"      not-null="true" type="gov.ca.dmv.AKT.integration.Hibernate.TrimmedString"/>
        <property name="lastModUserTime"       column="lstmodusr_tme"      not-null="true"/>
        <property name="gradableFlag"          column="gradable_flg"       not-null="true"/>
    </class>

</hibernate-mapping>
