<?xml version="1.0"?>
<!DOCTYPE hibernate-mapping PUBLIC
          "-//Hibernate/Hibernate Mapping DTD 3.0//EN"
          "http://hibernate.sourceforge.net/hibernate-mapping-3.0.dtd">
          
	    <!--===================-->
        <!-- Author: Rahul Ajit-->
        <!--===================-->          

<hibernate-mapping package="gov.ca.dmv.AKT.integration.BeansImpl">

    <class        name="TestLang"                     table="vakt041u_test_lang">
        <composite-id     name="tlPrimaryKey"         class="TLPrimaryKey">       
        	<key-property name="testLangId"           column="test_lang_id" type="gov.ca.dmv.AKT.integration.Hibernate.TrimmedString"/>
        	<key-property name="testId"               column="test_id"      type="gov.ca.dmv.AKT.integration.Hibernate.TrimmedString"/>
        </composite-id>
        <property name="langId"                column="lang_id"            not-null="true"/>
        <property name="testLangName"          column="test_lang_nme"      not-null="true"/>
        <property name="testLangStatus"        column="test_lang_status"   not-null="true" type="gov.ca.dmv.AKT.integration.Hibernate.TrimmedString"/>
        <property name="lastModUsername"       column="lstmodusr_nme"      not-null="true" type="gov.ca.dmv.AKT.integration.Hibernate.TrimmedString"/>
        <property name="lastModUserTime"       column="lstmodusr_tme"      not-null="true"/>
    </class>

</hibernate-mapping>
