<?xml version="1.0"?>
<!DOCTYPE hibernate-mapping PUBLIC
          "-//Hibernate/Hibernate Mapping DTD 3.0//EN"
          "http://hibernate.sourceforge.net/hibernate-mapping-3.0.dtd">
          
	    <!--===================-->
        <!-- Author: Adheesh Gokhale-->
        <!--===================-->          

<hibernate-mapping package="gov.ca.dmv.AKT.integration.BeansImpl">

    <class        name="TimeLimit"          table="vakt361u_time_limit">
        <id       name="timeLimitId"        column="time_limit_id">
        	<generator class="sequence">
        		<param name="sequence">qakt360u_time_limit</param>
        	</generator>
        </id>
        <property name="timeLimitName"         column="time_limit_nme"       not-null="true" type="gov.ca.dmv.AKT.integration.Hibernate.TrimmedString"/>
        <property name="timeLimitDescription"  column="time_limit_desc"      not-null="true" type="gov.ca.dmv.AKT.integration.Hibernate.TrimmedString"/>
        <property name="timeLimitValue"        column="time_limit_value"     not-null="true"/>
        <property name="timeLimitRangeMin"     column="min_value"     		 not-null="true"/>
        <property name="timeLimitRangeMax"     column="max_value"     		 not-null="true"/>
        <property name="lastModUsername"       column="lstmodusr_nme"        not-null="true" type="gov.ca.dmv.AKT.integration.Hibernate.TrimmedString"/>
        <property name="lastModUserTime"       column="lstmodusr_tme"        not-null="true"/>
    </class>

</hibernate-mapping>
