<?xml version="1.0"?>
<!DOCTYPE hibernate-mapping PUBLIC
          "-//Hibernate/Hibernate Mapping DTD 3.0//EN"
          "http://hibernate.sourceforge.net/hibernate-mapping-3.0.dtd">
          
	    <!--===================-->
        <!-- Author: Rahul Ajit-->
        <!--===================-->          

<hibernate-mapping package="gov.ca.dmv.AKT.integration.BeansImpl">

    <class        name="Vault"                 table="vakt201u_vault_a">
        <id       name="vaultId"               column="vault_id">
        	<generator class="sequence">
        		<param name="sequence">qakt200_vault</param>
        	</generator>
        </id>
        <property name="applicationLastName"   column="appl_last_nme"      not-null="true"/>
        <property name="applicationFirstName"  column="appl_first_nme"     not-null="true"/>
        <property name="dlNumber"              column="dl_nbr"             not-null="true" type="gov.ca.dmv.AKT.integration.Hibernate.TrimmedString"/>
        <property name="state"                 column="state_cd"           not-null="true" type="gov.ca.dmv.AKT.integration.Hibernate.TrimmedString"/>
        <property name="birthDate"             column="birth_dt"           not-null="true"/>
        <property name="vaultTimestamp"        column="vault_tstamp"       not-null="true"/>
        <property name="lastModUsername"       column="lstmodusr_nme"      not-null="true" type="gov.ca.dmv.AKT.integration.Hibernate.TrimmedString"/>
        <property name="lastModUserTime"       column="lstmodusr_tme"      not-null="true"/>
    </class>

</hibernate-mapping>
