<?xml version="1.0"?>
<!DOCTYPE hibernate-mapping PUBLIC
          "-//Hibernate/Hibernate Mapping DTD 3.0//EN"
          "http://hibernate.sourceforge.net/hibernate-mapping-3.0.dtd">
          
	    <!--===================-->
        <!-- Author: Rahul Ajit-->
        <!--===================-->          

<hibernate-mapping package="gov.ca.dmv.AKT.integration.BeansImpl">

    <class        name="WorkstationMap"       table="vakt221u_workstation_map_a">
        <id       name="workstationIPAddress" column="workstation_ip_addr"  type="gov.ca.dmv.AKT.integration.Hibernate.TrimmedString" >
        </id>
        <property name="officeId"             column="office_id"            not-null="true" type="gov.ca.dmv.AKT.integration.Hibernate.TrimmedString"/>
        <property name="locatingOfficeId"     column="locating_office_id"   not-null="true" type="gov.ca.dmv.AKT.integration.Hibernate.TrimmedString"/>
        <property name="workstationId"        column="workstation_id"       not-null="true" type="gov.ca.dmv.AKT.integration.Hibernate.TrimmedString"/>
        <property name="lastModUsername"      column="lstmodusr_nme"        not-null="true" type="gov.ca.dmv.AKT.integration.Hibernate.TrimmedString"/>
        <property name="lastModUserTime"      column="lstmodusr_tme"        not-null="true"/>
    </class> 

</hibernate-mapping>
