<?xml version="1.0"?>
<!DOCTYPE hibernate-mapping PUBLIC "-//Hibernate/Hibernate Mapping DTD 3.0//EN"
"http://hibernate.sourceforge.net/hibernate-mapping-3.0.dtd">
	<!-- Generated Feb 2, 2010 5:00:25 PM by Hibernate Tools 3.2.4.GA -->
<hibernate-mapping>
	<class name="gov.ca.dmv.ease.bo.app.impl.Location" table="VSSM059U_LOCATION_INFO">
		<id name="id" type="java.lang.Long" access="field">
			<column name="SYS_ID" />
			<generator class="sequence">
				<param name="sequence">TDM039_TRANS_SEQ</param>
			</generator>
		</id>
		<property name="createdBy" type="java.lang.String" access="field">
			<column name="CREATOR_ID" length="31" not-null="true" />
		</property>
		<property name="createdDate" type="timestamp" access="field">
			<column name="CREATE_TSTAMP" not-null="true" />
		</property>
		<property name="modifiedBy" type="java.lang.String" access="field">
			<column name="MODIFIED_BY" length="31" not-null="true" />
		</property>
		<property name="modifiedDate" type="timestamp" access="field">
			<column name="MODIFIED_TSTAMP" not-null="true" />
		</property>
		<property name="ipAddress" type="java.lang.String" access="field">
			<column name="STATION_IP_ADDR" />
		</property>
		<property name="officeId" type="java.lang.String" access="field">
			<column name="OFFICE_ID" />
		</property>
		<property name="officeMnemonic" type="java.lang.String" access="field">
			<column name="OFFICE_MNEMONIC" not-null="true" />
		</property>
		<property name="l1ServerCode" type="java.lang.String" access="field">
			<column name="L1_SERVER_CD" not-null="true" />
		</property>
		<property name="l1ServerSuffix" type="java.lang.String" access="field">
			<column name="L1_SERVER_SUFX" not-null="true" />
		</property>
		<many-to-one name="station" class="gov.ca.dmv.ease.bo.app.impl.Station" cascade="save-update"
			unique="true" column="STATION_SYSID" lazy="false">
        </many-to-one>
	</class>
</hibernate-mapping>
