<!DOCTYPE facelet-taglib PUBLIC
  "-//Sun Microsystems, Inc.//DTD Facelet Taglib 1.0//EN"
  "facelet-taglib_1_0.dtd">
  
<facelet-taglib xmlns="http://java.sun.com/JSF/Facelet">
	<namespace>http://www.ibm.com/jsf/html_extended</namespace>
	<tag>
		<tag-name>scriptCollector</tag-name>
		<component>
			<component-type>com.ibm.faces.HtmlScriptCollector</component-type>
			<renderer-type>com.ibm.faces.ScriptCollector</renderer-type>
		</component>
	</tag>
	
	<tag>
		<tag-name>dataTableEx</tag-name>
		<component>
			<component-type>com.ibm.faces.HtmlDataTableEx</component-type>
		</component>
	</tag>
	
	<tag>
		<tag-name>dataIterator</tag-name>
		<component>
			<component-type>com.ibm.faces.HtmlDataIterator</component-type>
		</component>
	</tag>
	
	
	<tag>
		<tag-name>columnEx</tag-name>
		<component>
			<component-type>com.ibm.faces.Column</component-type>
		</component>
	</tag>
	
	<tag>
		<tag-name>outputStatistics</tag-name>
		<component>
			<component-type>com.ibm.faces.HtmlOutputStatistics</component-type>
		</component>
	</tag>
	
	<tag>
		<tag-name>panelBox</tag-name>
		<component>
			<component-type>com.ibm.faces.HtmlPanelBox</component-type>
		</component>
	</tag>
	
	<tag>
		<tag-name>pagerDeluxe</tag-name>
		<component>
			<component-type>com.ibm.faces.HtmlPagerDeluxe</component-type>
		</component>
	</tag>
	
	<tag>
		<tag-name>inputHelperAssist</tag-name>
		<component>
			<component-type>com.ibm.faces.HtmlInputHelperAssist</component-type>
			<renderer-type>com.ibm.faces.Assist</renderer-type>
		</component>
	</tag>
	<tag>
		<tag-name>inputHelperDatePicker</tag-name>
		<component>
			<component-type>com.ibm.faces.HtmlInputHelperDatePicker</component-type>
			<renderer-type>com.ibm.faces.DatePicker</renderer-type>
		</component>
	</tag>
	<tag>
		<tag-name>inputHelperSetFocus</tag-name>
		<component>
			<component-type>com.ibm.faces.HtmlInputHelperSetFocus</component-type>
			<renderer-type>com.ibm.faces.SetFocus</renderer-type>
		</component>
	</tag>
	<tag>
		<tag-name>convertDateTime</tag-name>
		<converter>
			<converter-id>com.ibm.faces.DateTime</converter-id>
			<handler-class>com.sun.facelets.tag.jsf.ConvertHandler</handler-class>
		</converter>
	</tag>
	<tag>
		<tag-name>convertNumber</tag-name>
		<converter>
			<converter-id>javax.faces.Number</converter-id>
			<handler-class>com.sun.facelets.tag.jsf.ConvertHandler</handler-class>
		</converter>
	</tag>
	<tag>
		<tag-name>validateConstraint</tag-name>
		<validator>
			<validator-id>Constraint</validator-id>
			<handler-class>com.sun.facelets.tag.jsf.ValidateHandler</handler-class>
		</validator>
	</tag>
	
</facelet-taglib>