<?xml version="1.0"?>
<!DOCTYPE hibernate-mapping PUBLIC "-//Hibernate/Hibernate Mapping DTD 3.0//EN"
"http://hibernate.sourceforge.net/hibernate-mapping-3.0.dtd">
<!-- Generated Feb 2, 2010 5:00:25 PM by Hibernate Tools 3.2.4.GA -->
<hibernate-mapping>
    <class name="gov.ca.dmv.ease.bo.admin.impl.EmployeeWorkdateControl" table="VTDM027U_EMP_WRK_DT_CNTRL">
        <id name="id" type="java.lang.Long" access="field">
            <column name="SYS_ID" />
            <generator class="sequence">
                <param name="sequence">TDM027_EMP_WRK_DT_CNTRL_SEQ</param>
            </generator>
        </id>
        <property name="createdBy" type="java.lang.String" access="field">
            <column name="CREATOR_ID" length="31" not-null="true" />
        </property>
        <property name="createdDate" type="timestamp" access="field">
            <column name="CREATE_TSTAMP" not-null="true" />
        </property>
        <property name="modifiedBy" type="java.lang.String" access="field">
            <column name="MODIFIED_BY" length="31" not-null="true" />
        </property>
        <property name="modifiedDate" type="timestamp" access="field">
            <column name="MODIFIED_TSTAMP" not-null="true" />
        </property>
        <!--
        <property name="authorizedWorkDate" type="java.util.Date" access="field">
            <column name="AUTHD_WRK_DT" />
        </property>
        -->
        <property name="status" type="java.lang.String" access="field">
            <column name="AUTHD_WRK_DT_STATUS" />
        </property>
        <property name="currentAdminSequenceNumber" type="java.lang.Integer" access="field">
            <column name="CURR_ADM_TRANS_SEQ_NBR" />
        </property>
        <property name="currentDlSequenceNumber" type="java.lang.Integer" access="field">
            <column name="CURR_DL_TRANS_SEQ_NBR" />
        </property>
        <property name="currentVrSequenceNumber" type="java.lang.Integer" access="field">
            <column name="CURR_VR_TRANS_SEQ_NBR" />
        </property>
        <property name="currentDlMtSequenceNumber" type="java.lang.Integer" access="field">
            <column name="CURR_DL_MT_TRANS_SEQ_NBR" />
        </property>
        <property name="currentVrMtSequenceNumber" type="java.lang.Integer" access="field">
            <column name="CURR_VR_MT_TRANS_SEQ_NBR" />
        </property>
        <many-to-one name="employee" class="gov.ca.dmv.ease.bo.admin.impl.Employee" access="field" fetch="join">
            <column name="EMPLOYEE_SYSID" />
        </many-to-one>
        <many-to-one name="officeWorkdate" class="gov.ca.dmv.ease.bo.admin.impl.OfficeWorkdate" access="field" fetch="join">
            <column name="OFFICE_WRK_DT_CNTRL_SYSID" />
        </many-to-one>
    </class>
</hibernate-mapping>
