<!DOCTYPE facelet-taglib PUBLIC
  "-//Sun Microsystems, Inc.//DTD Facelet Taglib 1.0//EN"
  "facelet-taglib_1_0.dtd">
  
<facelet-taglib xmlns="http://java.sun.com/JSF/Facelet">
	<namespace>http://www.dmv.ca.gov/ease</namespace>
    
	<tag>
		<tag-name>div</tag-name>
		<component>
			<component-type>gov.ca.dmv.ease.Panel</component-type>
			<renderer-type>gov.ca.dmv.ease.Div</renderer-type>
		</component>
	</tag>
	<tag>
		<tag-name>pageHeading</tag-name>
		<component>
			<component-type>gov.ca.dmv.ease.Output</component-type>
		</component>
	</tag>
	<tag>
		<tag-name>fieldset</tag-name>
		<component>
			<component-type>gov.ca.dmv.ease.FieldSet</component-type>
		</component>
	</tag>
	<tag>
		<tag-name>panelGroup</tag-name>
		<component>
			<component-type>gov.ca.dmv.ease.PanelGroup</component-type>
		</component>
	</tag>
	<tag>
		<tag-name>panelGrid</tag-name>
		<component>
			<component-type>gov.ca.dmv.ease.PanelGrid</component-type>
		</component>
	</tag>
	<tag>
		<tag-name>codedInputText</tag-name>
		<component>
			<component-type>gov.ca.dmv.ease.CodedInputText</component-type>
			<renderer-type>gov.ca.dmv.ease.CodedInputText</renderer-type>
		</component>
	</tag>
	
	<tag>
		<tag-name>easeInputText</tag-name>
		<component>
			<component-type>gov.ca.dmv.ease.EaseInputText</component-type>
			<renderer-type>gov.ca.dmv.ease.EaseInputText</renderer-type>
		</component>
	</tag>
	
	<tag>
		<tag-name>suggestedInputText</tag-name>
		<component>
			<component-type>gov.ca.dmv.ease.SuggestedInputText</component-type>
			<renderer-type>gov.ca.dmv.ease.SuggestedInputText</renderer-type>
		</component>
	</tag>
	<tag>
		<tag-name>suggestedOutputText</tag-name>
		<component>
			<component-type>gov.ca.dmv.ease.SuggestedOutputText</component-type>
			<renderer-type>gov.ca.dmv.ease.SuggestedOutputText</renderer-type>
		</component>
	</tag>
	<tag>
		<tag-name>synchronizedForm</tag-name>
		<component>
			<component-type>gov.ca.dmv.ease.SynchronizedForm</component-type>
			<renderer-type>gov.ca.dmv.ease.SynchronizedForm</renderer-type>
		</component>
	</tag>
	<tag>
		<tag-name>validateRegExpr</tag-name>
		<validator>
			<validator-id>gov.ca.dmv.ease.validator.RegExpr</validator-id>
			<handler-class>com.sun.facelets.tag.jsf.ValidateHandler</handler-class>
		</validator>
	</tag>
	<tag>
		<tag-name>jsftab</tag-name>
		<component>
			<component-type>gov.ca.dmv.ease.TabbedPanel</component-type>
			<renderer-type>gov.ca.dmv.ease.TabbedPanel</renderer-type>
		</component>
	</tag>
	
</facelet-taglib>