<?xml version="1.0" encoding="UTF-8"?>
<beans xmlns="http://www.springframework.org/schema/beans"
	xmlns:xsi="http://www.w3.org/2001/XMLSchema-instance"
	xsi:schemaLocation="http://www.springframework.org/schema/beans http://www.springframework.org/schema/beans/spring-beans-2.5.xsd">

	<bean name="systemPreferencesBean" class="gov.ca.dmv.ease.admintool.ui.page.SystemPreferences"
		scope="singleton">
		<property name="regEx1" value="([\\*]*)" />
		<property name="regEx2" value="([0-9]*)" />
		<property name="regEx3" value="([0-9 ]*)" />
		<property name="regEx4" value="([0-9 \\*]*)" />
		<property name="regEx5" value="([A-Z]*)" />
		<property name="regEx6" value="([A-Z\\]*)" />
		<property name="regEx7" value="([A-Z ]*)" />
		<property name="regEx8" value="([A-Z \\\\]*)" />
		<property name="regEx9" value="([A-Z ,]*)" />
		<property name="regEx10" value="([A-Z \\*]*)" />
		<property name="regEx11" value="([A-Z0-9]*)" />
		<property name="regEx12" value="([A-Z0-9\\*]*)" />
		<property name="regEx13" value="([A-Z0-9\\*\\\\]*)" />
		<property name="regEx14" value="([A-Z0-9 ]*)" />
		<property name="regEx15" value="([A-Z0-9 \\\\]*)" />
		<property name="regEx16" value="([A-Z0-9 \\*]*)" />
		<property name="regEx17" value="([A-Z0-9 \\*\\\\]*)" />
		<property name="regEx18" value="[A-Z][0-9][0-9][0-9][0-9][0-9][0-9][0-9]" />
		<property name="regEx19" value="[A-Z][0-9][0-9][0-9][0-9][0-9][0-9]" />
		<property name="regEx20" value="([1-9][0-9]*)" />
		<property name="regEx21" value="([0-9]*)" />
		<property name="regEx22"
			value="[A-K,M-N,P,R-S,U-Z][0-9][0-9][0-9][0-9][0-9][0-9][0-9]" />
		<property name="regEx23" value="[A-Z]([A-Z ,]*)" />
		<property name="regEx24" value="([A-Z0-9 \/]*)" />
		<!-- regEx25 is used for 3 POS NAME -->
		<property name="regEx25" value="[A-Z]([A-Z ]*)" />
		<property name="regEx26" value="([A-Z ']*)" />
		<property name="regEx27" value="([A-Z0-9][A-Z0-9 \/]*)" />
		<property name="regEx28" value="^([01]?\\d\\d?|2[0-4]\\d|25[0-5])\\.([01]?\\d\\d?|2[0-4]\\d|25[0-5])\\.([01]?\\d\\d?|2[0-4]\\d|25[0-5])\\.([01]?\\d\\d?|2[0-4]\\d|25[0-5])$" />
		<property name="nameRegEx" value="([A-Z \/\'\-]*)" />
		<property name="noSpaceNameRegEx" value="([A-Z\/\'\-]*)" />

		<property name="regEx1Mesg"
			value="THE INDICATED FIELD MAY ONLY CONTAIN ASTERICK" />
		<property name="regEx2Mesg" value="FIELD MAY ONLY CONTAIN NUMBERS" />
		<property name="regEx3Mesg" value="FIELD MAY ONLY CONTAIN NUMBERS" />
		<property name="regEx4Mesg" value="FIELD MAY ONLY CONTAIN NUMBERS" />
		<property name="regEx5Mesg" value="INVALID CHARACTER IN ALPHA/NUMERIC FIELD" />
		<property name="regEx6Mesg" value="INVALID CHARACTER IN ALPHA/NUMERIC FIELD" />
		<property name="regEx7Mesg" value="INVALID CHARACTER IN ALPHA/NUMERIC FIELD" />
		<property name="regEx8Mesg" value="INVALID CHARACTER IN ALPHA/NUMERIC FIELD" />
		<property name="regEx9Mesg" value="INVALID CHARACTER IN ALPHA/NUMERIC FIELD" />
		<property name="regEx10Mesg" value="INVALID CHARACTER IN ALPHA/NUMERIC FIELD" />
		<property name="regEx11Mesg" value="INVALID CHARACTER IN ALPHA/NUMERIC FIELD" />
		<property name="regEx12Mesg" value="INVALID CHARACTER IN ALPHA/NUMERIC FIELD" />
		<property name="regEx13Mesg" value="INVALID CHARACTER IN ALPHA/NUMERIC FIELD" />
		<property name="regEx14Mesg" value="INVALID CHARACTER IN ALPHA/NUMERIC FIELD" />
		<property name="regEx15Mesg" value="INVALID CHARACTER IN ALPHA/NUMERIC FIELD" />
		<property name="regEx16Mesg" value="INVALID CHARACTER IN ALPHA/NUMERIC FIELD" />
		<property name="regEx17Mesg" value="INVALID CHARACTER IN ALPHA/NUMERIC FIELD" />
		<property name="regEx18Mesg" value="INVALID CHARACTER IN ALPHA/NUMERIC FIELD" />
		<property name="regEx19Mesg" value="INVALID CHARACTER IN ALPHA/NUMERIC FIELD" />
		<property name="regEx20Mesg" value="FIELD MAY ONLY CONTAIN NUMBERS" />
		<property name="regEx21Mesg" value="INVALID CHARACTER IN ALPHA/NUMERIC FIELD" />
		<property name="regEx22Mesg" value="'L','O','T','Q' CHARACTERS NOT ALLOWED" />
		<property name="regEx23Mesg" value="INVALID CHARACTER IN ALPHA/NUMERIC FIELD" />
		<property name="regEx24Mesg" value="INVALID CHARACTER IN ALPHA/NUMERIC FIELD" />
		<property name="regEx25Mesg" value="INVALID CHARACTER IN ALPHA/NUMERIC FIELD" />
		<property name="regEx26Mesg" value="INVALID CHARACTER IN ALPHA/NUMERIC FIELD" />
		<property name="regEx27Mesg" value="DATA NOT WITHIN REQUIRED FORMAT" />
		<property name="regEx28Mesg" value="INVALID CHARACTER IN IPADDRESS FIELD" />
		<property name="nameRegExMesg" value="INVALID CHARACTER IN ALPHA/NUMERIC FIELD" />
		<property name="noSpaceNameRegExMesg" value="INVALID CHARACTER IN ALPHA/NUMERIC FIELD" />
		<property name="invalidDlNo" value="0009 - DATA NOT WITHIN SPECIFIED RANGE" />		
		<!-- These properties are to match the AS-IS messages -->

		<property name="timeZone" value="America/Los_Angeles" />
		<property name="pattern" value="MMddyyyy" />
		<property name="pattern2" value="MMddyy" />
		<property name="pattern3" value="MM/dd/yy" />
		<property name="pattern4" value="MMdd" />

		<property name="regExMessages">
			<map key-type="java.lang.String" value-type="java.lang.String">
				<entry key="([\\*]*)" value="THE INDICATED FIELD MAY ONLY CONTAIN ASTERICK" />
				<entry key="([0-9]*)" value="FIELD MAY ONLY CONTAIN NUMBERS" />
				<entry key="([0-9 ]*)" value="FIELD MAY ONLY CONTAIN NUMBERS" />
				<entry key="([0-9 \\*]*)" value="INVALID CHARACTER IN ALPHA/NUMERIC FIELD" />
				<entry key="([A-Z]*)" value="INVALID CHARACTER IN ALPHA/NUMERIC FIELD" />
				<entry key="([A-Z\\]*)" value="INVALID CHARACTER IN ALPHA/NUMERIC FIELD" />
				<entry key="([A-Z ]*)" value="INVALID CHARACTER IN ALPHA/NUMERIC FIELD" />
				<entry key="([A-Z \\\\]*)" value="INVALID CHARACTER IN ALPHA/NUMERIC FIELD" />
				<entry key="([A-Z \\*]*)" value="INVALID CHARACTER IN ALPHA/NUMERIC FIELD" />
				<entry key="([A-Z ,]*)" value="INVALID CHARACTER IN ALPHA/NUMERIC FIELD" />
				<entry key="([A-Z0-9]*)" value="INVALID CHARACTER IN ALPHA/NUMERIC FIELD" />
				<entry key="([A-Z0-9\\*]*)" value="INVALID CHARACTER IN ALPHA/NUMERIC FIELD" />
				<entry key="([A-Z0-9\\*\\\\]*)" value="INVALID CHARACTER IN ALPHA/NUMERIC FIELD" />
				<entry key="([A-Z0-9 ]*)" value="INVALID CHARACTER IN ALPHA/NUMERIC FIELD" />
				<entry key="([A-Z0-9 \\\\]*)" value="INVALID CHARACTER IN ALPHA/NUMERIC FIELD" />
				<entry key="([A-Z0-9 \\*]*)" value="INVALID CHARACTER IN ALPHA/NUMERIC FIELD" />
				<entry key="([A-Z0-9 \\*\\\\]*)" value="INVALID CHARACTER IN ALPHA/NUMERIC FIELD" />
				<entry key="[A-Z][0-9][0-9][0-9][0-9][0-9][0-9][0-9]" value="INVALID CHARACTER IN ALPHA/NUMERIC FIELD" />
				<entry key="[A-Z][0-9][0-9][0-9][0-9][0-9][0-9]" value="INVALID CHARACTER IN ALPHA/NUMERIC FIELD" />
				<entry key="([1-9][0-9]*)" value="FIELD MAY ONLY CONTAIN NUMBERS" />
				<entry key="([A-Z0-9][A-Z0-9 \/]*)" value="DATA NOT WITHIN REQUIRED FORMAT" />
				<entry key="([A-Z \/\'\-]*)" value="INVALID CHARACTER IN ALPHA/NUMERIC FIELD" />
				<entry key="^([01]?\\d\\d?|2[0-4]\\d|25[0-5])\\.([01]?\\d\\d?|2[0-4]\\d|25[0-5])\\.([01]?\\d\\d?|2[0-4]\\d|25[0-5])\\.([01]?\\d\\d?|2[0-4]\\d|25[0-5])$" value="INVALID CHARACTER IN IPADDRESS FIELD" />
			</map>
		</property>
	</bean><!--

	<bean name="actionsHandler" class="gov.ca.dmv.ease.ui.handler.dl.impl.DlActionsHandler"
		scope="session">
		<property name="sessionContext" ref="sessionContext" />
		<property name="messagesBus" ref="messagesBus" />
		<property name="buildInfo" ref="buildInfo" />			
	</bean>
--></beans>