<?xml version="1.0" encoding="UTF-8"?>
<metadata xsi:schemaLocation="http://maven.apache.org/METADATA/1.0.0 http://maven.apache.org/xsd/metadata-1.0.0.xsd" xmlns="http://maven.apache.org/METADATA/1.0.0"
    xmlns:xsi="http://www.w3.org/2001/XMLSchema-instance">
  <groupId>myeclipse</groupId>
  <artifactId>pluto-taglib</artifactId>
  <version>1.0.1</version>
  <versioning>
    <versions>
      <version>1.0.1</version>
      <version>2.0</version>
    </versions>
    <lastUpdated>20110119181144</lastUpdated>
  </versioning>
</metadata>
